month,agegroup,dose,n,UF
2021-02-01,2,D,0,AC
2021-02-01,3,D,0,AC
2021-02-01,4,D,0,AC
2021-02-01,5,D,0,AC
2021-02-01,6,D,0,AC
2021-02-01,7,D,0,AC
2021-02-01,8,D,0,AC
2021-02-01,9,D,0,AC
2021-02-01,10,D,0,AC
2021-02-01,11,D,0,AC
2021-03-01,2,D,0,AC
2021-03-01,3,D,0,AC
2021-03-01,4,D,0,AC
2021-03-01,5,D,0,AC
2021-03-01,6,D,0,AC
2021-03-01,7,D,1,AC
2021-03-01,8,D,0,AC
2021-03-01,9,D,0,AC
2021-03-01,10,D,11,AC
2021-03-01,11,D,3,AC
2021-04-01,2,D,0,AC
2021-04-01,3,D,0,AC
2021-04-01,4,D,0,AC
2021-04-01,5,D,0,AC
2021-04-01,6,D,0,AC
2021-04-01,7,D,0,AC
2021-04-01,8,D,0,AC
2021-04-01,9,D,0,AC
2021-04-01,10,D,0,AC
2021-04-01,11,D,0,AC
2021-05-01,2,D,0,AC
2021-05-01,3,D,0,AC
2021-05-01,4,D,1,AC
2021-05-01,5,D,0,AC
2021-05-01,6,D,1,AC
2021-05-01,7,D,0,AC
2021-05-01,8,D,0,AC
2021-05-01,9,D,0,AC
2021-05-01,10,D,0,AC
2021-05-01,11,D,0,AC
2021-06-01,2,D,0,AC
2021-06-01,3,D,0,AC
2021-06-01,4,D,0,AC
2021-06-01,5,D,0,AC
2021-06-01,6,D,1,AC
2021-06-01,7,D,0,AC
2021-06-01,8,D,0,AC
2021-06-01,9,D,0,AC
2021-06-01,10,D,0,AC
2021-06-01,11,D,0,AC
2021-07-01,2,D,0,AC
2021-07-01,3,D,0,AC
2021-07-01,4,D,121,AC
2021-07-01,5,D,1314,AC
2021-07-01,6,D,513,AC
2021-07-01,7,D,275,AC
2021-07-01,8,D,21,AC
2021-07-01,9,D,4,AC
2021-07-01,10,D,1,AC
2021-07-01,11,D,1,AC
2021-08-01,2,D,0,AC
2021-08-01,3,D,4,AC
2021-08-01,4,D,3487,AC
2021-08-01,5,D,3353,AC
2021-08-01,6,D,1284,AC
2021-08-01,7,D,583,AC
2021-08-01,8,D,131,AC
2021-08-01,9,D,30,AC
2021-08-01,10,D,16,AC
2021-08-01,11,D,2,AC
2021-09-01,2,D,0,AC
2021-09-01,3,D,5,AC
2021-09-01,4,D,560,AC
2021-09-01,5,D,252,AC
2021-09-01,6,D,203,AC
2021-09-01,7,D,109,AC
2021-09-01,8,D,32,AC
2021-09-01,9,D,15,AC
2021-09-01,10,D,1,AC
2021-09-01,11,D,0,AC
2021-10-01,2,D,0,AC
2021-10-01,3,D,1,AC
2021-10-01,4,D,111,AC
2021-10-01,5,D,56,AC
2021-10-01,6,D,43,AC
2021-10-01,7,D,18,AC
2021-10-01,8,D,11,AC
2021-10-01,9,D,2,AC
2021-10-01,10,D,1,AC
2021-10-01,11,D,1,AC
2021-11-01,2,D,0,AC
2021-11-01,3,D,0,AC
2021-11-01,4,D,43,AC
2021-11-01,5,D,19,AC
2021-11-01,6,D,11,AC
2021-11-01,7,D,4,AC
2021-11-01,8,D,2,AC
2021-11-01,9,D,2,AC
2021-11-01,10,D,0,AC
2021-11-01,11,D,0,AC
2021-12-01,2,D,0,AC
2021-12-01,3,D,0,AC
2021-12-01,4,D,8,AC
2021-12-01,5,D,3,AC
2021-12-01,6,D,1,AC
2021-12-01,7,D,0,AC
2021-12-01,8,D,0,AC
2021-12-01,9,D,0,AC
2021-12-01,10,D,0,AC
2021-12-01,11,D,0,AC
2022-01-01,2,D,0,AC
2022-01-01,3,D,4,AC
2022-01-01,4,D,27,AC
2022-01-01,5,D,15,AC
2022-01-01,6,D,11,AC
2022-01-01,7,D,4,AC
2022-01-01,8,D,1,AC
2022-01-01,9,D,1,AC
2022-01-01,10,D,0,AC
2022-01-01,11,D,0,AC
2022-02-01,2,D,0,AC
2022-02-01,3,D,2,AC
2022-02-01,4,D,50,AC
2022-02-01,5,D,29,AC
2022-02-01,6,D,16,AC
2022-02-01,7,D,7,AC
2022-02-01,8,D,2,AC
2022-02-01,9,D,1,AC
2022-02-01,10,D,0,AC
2022-02-01,11,D,0,AC
2022-03-01,2,D,0,AC
2022-03-01,3,D,1,AC
2022-03-01,4,D,51,AC
2022-03-01,5,D,23,AC
2022-03-01,6,D,9,AC
2022-03-01,7,D,7,AC
2022-03-01,8,D,2,AC
2022-03-01,9,D,1,AC
2022-03-01,10,D,0,AC
2022-03-01,11,D,0,AC
2022-04-01,2,D,0,AC
2022-04-01,3,D,1,AC
2022-04-01,4,D,97,AC
2022-04-01,5,D,45,AC
2022-04-01,6,D,39,AC
2022-04-01,7,D,15,AC
2022-04-01,8,D,4,AC
2022-04-01,9,D,2,AC
2022-04-01,10,D,0,AC
2022-04-01,11,D,1,AC
2022-05-01,2,D,1,AC
2022-05-01,3,D,2,AC
2022-05-01,4,D,94,AC
2022-05-01,5,D,41,AC
2022-05-01,6,D,22,AC
2022-05-01,7,D,12,AC
2022-05-01,8,D,4,AC
2022-05-01,9,D,0,AC
2022-05-01,10,D,1,AC
2022-05-01,11,D,0,AC
2022-06-01,2,D,0,AC
2022-06-01,3,D,7,AC
2022-06-01,4,D,102,AC
2022-06-01,5,D,41,AC
2022-06-01,6,D,26,AC
2022-06-01,7,D,8,AC
2022-06-01,8,D,3,AC
2022-06-01,9,D,1,AC
2022-06-01,10,D,0,AC
2022-06-01,11,D,0,AC
2022-07-01,2,D,0,AC
2022-07-01,3,D,0,AC
2022-07-01,4,D,28,AC
2022-07-01,5,D,12,AC
2022-07-01,6,D,12,AC
2022-07-01,7,D,4,AC
2022-07-01,8,D,1,AC
2022-07-01,9,D,0,AC
2022-07-01,10,D,1,AC
2022-07-01,11,D,0,AC
2021-02-01,2,D1,30,AC
2021-02-01,3,D1,18,AC
2021-02-01,4,D1,2619,AC
2021-02-01,5,D1,3307,AC
2021-02-01,6,D1,2859,AC
2021-02-01,7,D1,1577,AC
2021-02-01,8,D1,541,AC
2021-02-01,9,D1,210,AC
2021-02-01,10,D1,162,AC
2021-02-01,11,D1,62,AC
2021-03-01,2,D1,14,AC
2021-03-01,3,D1,9,AC
2021-03-01,4,D1,-87,AC
2021-03-01,5,D1,-135,AC
2021-03-01,6,D1,-156,AC
2021-03-01,7,D1,-107,AC
2021-03-01,8,D1,16,AC
2021-03-01,9,D1,3590,AC
2021-03-01,10,D1,3165,AC
2021-03-01,11,D1,995,AC
2021-04-01,2,D1,5,AC
2021-04-01,3,D1,11,AC
2021-04-01,4,D1,1401,AC
2021-04-01,5,D1,950,AC
2021-04-01,6,D1,835,AC
2021-04-01,7,D1,502,AC
2021-04-01,8,D1,17046,AC
2021-04-01,9,D1,12645,AC
2021-04-01,10,D1,1191,AC
2021-04-01,11,D1,-614,AC
2021-05-01,2,D1,1,AC
2021-05-01,3,D1,7,AC
2021-05-01,4,D1,1158,AC
2021-05-01,5,D1,1709,AC
2021-05-01,6,D1,2223,AC
2021-05-01,7,D1,1707,AC
2021-05-01,8,D1,6832,AC
2021-05-01,9,D1,-4482,AC
2021-05-01,10,D1,-291,AC
2021-05-01,11,D1,-29,AC
2021-06-01,2,D1,1,AC
2021-06-01,3,D1,32,AC
2021-06-01,4,D1,3595,AC
2021-06-01,5,D1,5968,AC
2021-06-01,6,D1,10064,AC
2021-06-01,7,D1,15184,AC
2021-06-01,8,D1,-2289,AC
2021-06-01,9,D1,-3714,AC
2021-06-01,10,D1,-1634,AC
2021-06-01,11,D1,-62,AC
2021-07-01,2,D1,2,AC
2021-07-01,3,D1,55,AC
2021-07-01,4,D1,16028,AC
2021-07-01,5,D1,39023,AC
2021-07-01,6,D1,48716,AC
2021-07-01,7,D1,27482,AC
2021-07-01,8,D1,-9005,AC
2021-07-01,9,D1,-5318,AC
2021-07-01,10,D1,-1595,AC
2021-07-01,11,D1,-112,AC
2021-08-01,2,D1,15,AC
2021-08-01,3,D1,3887,AC
2021-08-01,4,D1,62564,AC
2021-08-01,5,D1,21518,AC
2021-08-01,6,D1,760,AC
2021-08-01,7,D1,-5476,AC
2021-08-01,8,D1,-6019,AC
2021-08-01,9,D1,-673,AC
2021-08-01,10,D1,-151,AC
2021-08-01,11,D1,-25,AC
2021-09-01,2,D1,110,AC
2021-09-01,3,D1,52180,AC
2021-09-01,4,D1,12741,AC
2021-09-01,5,D1,-10529,AC
2021-09-01,6,D1,-19321,AC
2021-09-01,7,D1,-15435,AC
2021-09-01,8,D1,-1580,AC
2021-09-01,9,D1,-198,AC
2021-09-01,10,D1,-17,AC
2021-09-01,11,D1,-1,AC
2021-10-01,2,D1,16,AC
2021-10-01,3,D1,157,AC
2021-10-01,4,D1,-13677,AC
2021-10-01,5,D1,-17481,AC
2021-10-01,6,D1,-18242,AC
2021-10-01,7,D1,-11543,AC
2021-10-01,8,D1,-1084,AC
2021-10-01,9,D1,-184,AC
2021-10-01,10,D1,-51,AC
2021-10-01,11,D1,-8,AC
2021-11-01,2,D1,7,AC
2021-11-01,3,D1,-10843,AC
2021-11-01,4,D1,-20461,AC
2021-11-01,5,D1,-11322,AC
2021-11-01,6,D1,-6664,AC
2021-11-01,7,D1,-3140,AC
2021-11-01,8,D1,-539,AC
2021-11-01,9,D1,-122,AC
2021-11-01,10,D1,-23,AC
2021-11-01,11,D1,-13,AC
2021-12-01,2,D1,-2,AC
2021-12-01,3,D1,-10939,AC
2021-12-01,4,D1,-13926,AC
2021-12-01,5,D1,-6251,AC
2021-12-01,6,D1,-3710,AC
2021-12-01,7,D1,-1817,AC
2021-12-01,8,D1,-384,AC
2021-12-01,9,D1,-138,AC
2021-12-01,10,D1,-61,AC
2021-12-01,11,D1,-12,AC
2022-01-01,2,D1,-10,AC
2022-01-01,3,D1,-5968,AC
2022-01-01,4,D1,-7614,AC
2022-01-01,5,D1,-3562,AC
2022-01-01,6,D1,-2057,AC
2022-01-01,7,D1,-930,AC
2022-01-01,8,D1,-113,AC
2022-01-01,9,D1,-14,AC
2022-01-01,10,D1,-12,AC
2022-01-01,11,D1,2,AC
2022-02-01,2,D1,9759,AC
2022-02-01,3,D1,-2004,AC
2022-02-01,4,D1,-3692,AC
2022-02-01,5,D1,-1793,AC
2022-02-01,6,D1,-1194,AC
2022-02-01,7,D1,-505,AC
2022-02-01,8,D1,-112,AC
2022-02-01,9,D1,-38,AC
2022-02-01,10,D1,-16,AC
2022-02-01,11,D1,2,AC
2022-03-01,2,D1,17953,AC
2022-03-01,3,D1,-1178,AC
2022-03-01,4,D1,-2437,AC
2022-03-01,5,D1,-1149,AC
2022-03-01,6,D1,-729,AC
2022-03-01,7,D1,-267,AC
2022-03-01,8,D1,-68,AC
2022-03-01,9,D1,-38,AC
2022-03-01,10,D1,-10,AC
2022-03-01,11,D1,2,AC
2022-04-01,2,D1,7328,AC
2022-04-01,3,D1,-1033,AC
2022-04-01,4,D1,-1722,AC
2022-04-01,5,D1,-852,AC
2022-04-01,6,D1,-533,AC
2022-04-01,7,D1,-257,AC
2022-04-01,8,D1,-77,AC
2022-04-01,9,D1,-27,AC
2022-04-01,10,D1,-4,AC
2022-04-01,11,D1,-5,AC
2022-05-01,2,D1,-1129,AC
2022-05-01,3,D1,-794,AC
2022-05-01,4,D1,-718,AC
2022-05-01,5,D1,-419,AC
2022-05-01,6,D1,-227,AC
2022-05-01,7,D1,-99,AC
2022-05-01,8,D1,-45,AC
2022-05-01,9,D1,-10,AC
2022-05-01,10,D1,-11,AC
2022-05-01,11,D1,0,AC
2022-06-01,2,D1,-1696,AC
2022-06-01,3,D1,-462,AC
2022-06-01,4,D1,-632,AC
2022-06-01,5,D1,-285,AC
2022-06-01,6,D1,-179,AC
2022-06-01,7,D1,-79,AC
2022-06-01,8,D1,-31,AC
2022-06-01,9,D1,-8,AC
2022-06-01,10,D1,-3,AC
2022-06-01,11,D1,-1,AC
2022-07-01,2,D1,-554,AC
2022-07-01,3,D1,-124,AC
2022-07-01,4,D1,-197,AC
2022-07-01,5,D1,-63,AC
2022-07-01,6,D1,-50,AC
2022-07-01,7,D1,-28,AC
2022-07-01,8,D1,-19,AC
2022-07-01,9,D1,-2,AC
2022-07-01,10,D1,1,AC
2022-07-01,11,D1,2,AC
2021-02-01,2,D2,0,AC
2021-02-01,3,D2,0,AC
2021-02-01,4,D2,2,AC
2021-02-01,5,D2,0,AC
2021-02-01,6,D2,2,AC
2021-02-01,7,D2,2,AC
2021-02-01,8,D2,0,AC
2021-02-01,9,D2,0,AC
2021-02-01,10,D2,0,AC
2021-02-01,11,D2,0,AC
2021-03-01,2,D2,0,AC
2021-03-01,3,D2,4,AC
2021-03-01,4,D2,2080,AC
2021-03-01,5,D2,2631,AC
2021-03-01,6,D2,2299,AC
2021-03-01,7,D2,1327,AC
2021-03-01,8,D2,433,AC
2021-03-01,9,D2,195,AC
2021-03-01,10,D2,125,AC
2021-03-01,11,D2,63,AC
2021-04-01,2,D2,0,AC
2021-04-01,3,D2,0,AC
2021-04-01,4,D2,846,AC
2021-04-01,5,D2,1046,AC
2021-04-01,6,D2,795,AC
2021-04-01,7,D2,464,AC
2021-04-01,8,D2,214,AC
2021-04-01,9,D2,786,AC
2021-04-01,10,D2,1622,AC
2021-04-01,11,D2,933,AC
2021-05-01,2,D2,1,AC
2021-05-01,3,D2,5,AC
2021-05-01,4,D2,1893,AC
2021-05-01,5,D2,1885,AC
2021-05-01,6,D2,1752,AC
2021-05-01,7,D2,969,AC
2021-05-01,8,D2,8534,AC
2021-05-01,9,D2,6065,AC
2021-05-01,10,D2,701,AC
2021-05-01,11,D2,125,AC
2021-06-01,2,D2,0,AC
2021-06-01,3,D2,6,AC
2021-06-01,4,D2,2675,AC
2021-06-01,5,D2,3204,AC
2021-06-01,6,D2,3429,AC
2021-06-01,7,D2,2179,AC
2021-06-01,8,D2,5720,AC
2021-06-01,9,D2,4321,AC
2021-06-01,10,D2,1826,AC
2021-06-01,11,D2,101,AC
2021-07-01,2,D2,0,AC
2021-07-01,3,D2,8,AC
2021-07-01,4,D2,1246,AC
2021-07-01,5,D2,1560,AC
2021-07-01,6,D2,2641,AC
2021-07-01,7,D2,3573,AC
2021-07-01,8,D2,11513,AC
2021-07-01,9,D2,5767,AC
2021-07-01,10,D2,1720,AC
2021-07-01,11,D2,147,AC
2021-08-01,2,D2,1,AC
2021-08-01,3,D2,8,AC
2021-08-01,4,D2,5747,AC
2021-08-01,5,D2,10407,AC
2021-08-01,6,D2,10186,AC
2021-08-01,7,D2,10713,AC
2021-08-01,8,D2,7247,AC
2021-08-01,9,D2,986,AC
2021-08-01,10,D2,258,AC
2021-08-01,11,D2,46,AC
2021-09-01,2,D2,2,AC
2021-09-01,3,D2,2132,AC
2021-09-01,4,D2,19647,AC
2021-09-01,5,D2,22640,AC
2021-09-01,6,D2,26279,AC
2021-09-01,7,D2,18981,AC
2021-09-01,8,D2,2537,AC
2021-09-01,9,D2,496,AC
2021-09-01,10,D2,146,AC
2021-09-01,11,D2,25,AC
2021-10-01,2,D2,16,AC
2021-10-01,3,D2,9008,AC
2021-10-01,4,D2,26042,AC
2021-10-01,5,D2,22949,AC
2021-10-01,6,D2,21557,AC
2021-10-01,7,D2,13301,AC
2021-10-01,8,D2,1526,AC
2021-10-01,9,D2,77,AC
2021-10-01,10,D2,-226,AC
2021-10-01,11,D2,-187,AC
2021-11-01,2,D2,25,AC
2021-11-01,3,D2,15984,AC
2021-11-01,4,D2,26317,AC
2021-11-01,5,D2,13287,AC
2021-11-01,6,D2,7536,AC
2021-11-01,7,D2,3457,AC
2021-11-01,8,D2,-257,AC
2021-11-01,9,D2,-1617,AC
2021-11-01,10,D2,-209,AC
2021-11-01,11,D2,-107,AC
2021-12-01,2,D2,43,AC
2021-12-01,3,D2,15765,AC
2021-12-01,4,D2,17892,AC
2021-12-01,5,D2,7276,AC
2021-12-01,6,D2,3592,AC
2021-12-01,7,D2,1098,AC
2021-12-01,8,D2,-5008,AC
2021-12-01,9,D2,-2944,AC
2021-12-01,10,D2,-800,AC
2021-12-01,11,D2,-91,AC
2022-01-01,2,D2,34,AC
2022-01-01,3,D2,9980,AC
2022-01-01,4,D2,11322,AC
2022-01-01,5,D2,2472,AC
2022-01-01,6,D2,-1612,AC
2022-01-01,7,D2,-3856,AC
2022-01-01,8,D2,-6961,AC
2022-01-01,9,D2,-3427,AC
2022-01-01,10,D2,-924,AC
2022-01-01,11,D2,-122,AC
2022-02-01,2,D2,20,AC
2022-02-01,3,D2,4709,AC
2022-02-01,4,D2,-2658,AC
2022-02-01,5,D2,-8521,AC
2022-02-01,6,D2,-10809,AC
2022-02-01,7,D2,-9289,AC
2022-02-01,8,D2,-3940,AC
2022-02-01,9,D2,-1254,AC
2022-02-01,10,D2,-346,AC
2022-02-01,11,D2,-59,AC
2022-03-01,2,D2,81,AC
2022-03-01,3,D2,3329,AC
2022-03-01,4,D2,-5308,AC
2022-03-01,5,D2,-6864,AC
2022-03-01,6,D2,-7588,AC
2022-03-01,7,D2,-5768,AC
2022-03-01,8,D2,-2534,AC
2022-03-01,9,D2,-852,AC
2022-03-01,10,D2,-277,AC
2022-03-01,11,D2,-42,AC
2022-04-01,2,D2,4078,AC
2022-04-01,3,D2,2743,AC
2022-04-01,4,D2,-6105,AC
2022-04-01,5,D2,-5359,AC
2022-04-01,6,D2,-5150,AC
2022-04-01,7,D2,-3550,AC
2022-04-01,8,D2,-1441,AC
2022-04-01,9,D2,-518,AC
2022-04-01,10,D2,-207,AC
2022-04-01,11,D2,-28,AC
2022-05-01,2,D2,6572,AC
2022-05-01,3,D2,1708,AC
2022-05-01,4,D2,-3508,AC
2022-05-01,5,D2,-3027,AC
2022-05-01,6,D2,-2815,AC
2022-05-01,7,D2,-1748,AC
2022-05-01,8,D2,-766,AC
2022-05-01,9,D2,-313,AC
2022-05-01,10,D2,-223,AC
2022-05-01,11,D2,-38,AC
2022-06-01,2,D2,4119,AC
2022-06-01,3,D2,800,AC
2022-06-01,4,D2,-1909,AC
2022-06-01,5,D2,-1552,AC
2022-06-01,6,D2,-1440,AC
2022-06-01,7,D2,-1030,AC
2022-06-01,8,D2,-765,AC
2022-06-01,9,D2,-478,AC
2022-06-01,10,D2,-142,AC
2022-06-01,11,D2,-22,AC
2022-07-01,2,D2,1528,AC
2022-07-01,3,D2,-644,AC
2022-07-01,4,D2,-786,AC
2022-07-01,5,D2,-622,AC
2022-07-01,6,D2,-679,AC
2022-07-01,7,D2,-640,AC
2022-07-01,8,D2,-499,AC
2022-07-01,9,D2,-251,AC
2022-07-01,10,D2,-92,AC
2022-07-01,11,D2,-17,AC
2021-02-01,2,D2f,0,AC
2021-02-01,3,D2f,0,AC
2021-02-01,4,D2f,2,AC
2021-02-01,5,D2f,0,AC
2021-02-01,6,D2f,2,AC
2021-02-01,7,D2f,2,AC
2021-02-01,8,D2f,0,AC
2021-02-01,9,D2f,0,AC
2021-02-01,10,D2f,0,AC
2021-02-01,11,D2f,0,AC
2021-03-01,2,D2f,0,AC
2021-03-01,3,D2f,0,AC
2021-03-01,4,D2f,37,AC
2021-03-01,5,D2f,35,AC
2021-03-01,6,D2f,16,AC
2021-03-01,7,D2f,14,AC
2021-03-01,8,D2f,5,AC
2021-03-01,9,D2f,7,AC
2021-03-01,10,D2f,3,AC
2021-03-01,11,D2f,2,AC
2021-04-01,2,D2f,0,AC
2021-04-01,3,D2f,0,AC
2021-04-01,4,D2f,43,AC
2021-04-01,5,D2f,38,AC
2021-04-01,6,D2f,24,AC
2021-04-01,7,D2f,17,AC
2021-04-01,8,D2f,16,AC
2021-04-01,9,D2f,10,AC
2021-04-01,10,D2f,12,AC
2021-04-01,11,D2f,7,AC
2021-05-01,2,D2f,1,AC
2021-05-01,3,D2f,1,AC
2021-05-01,4,D2f,41,AC
2021-05-01,5,D2f,29,AC
2021-05-01,6,D2f,26,AC
2021-05-01,7,D2f,18,AC
2021-05-01,8,D2f,77,AC
2021-05-01,9,D2f,43,AC
2021-05-01,10,D2f,10,AC
2021-05-01,11,D2f,2,AC
2021-06-01,2,D2f,0,AC
2021-06-01,3,D2f,0,AC
2021-06-01,4,D2f,73,AC
2021-06-01,5,D2f,63,AC
2021-06-01,6,D2f,57,AC
2021-06-01,7,D2f,55,AC
2021-06-01,8,D2f,115,AC
2021-06-01,9,D2f,53,AC
2021-06-01,10,D2f,23,AC
2021-06-01,11,D2f,5,AC
2021-07-01,2,D2f,0,AC
2021-07-01,3,D2f,2,AC
2021-07-01,4,D2f,52,AC
2021-07-01,5,D2f,76,AC
2021-07-01,6,D2f,78,AC
2021-07-01,7,D2f,85,AC
2021-07-01,8,D2f,178,AC
2021-07-01,9,D2f,53,AC
2021-07-01,10,D2f,17,AC
2021-07-01,11,D2f,3,AC
2021-08-01,2,D2f,1,AC
2021-08-01,3,D2f,1,AC
2021-08-01,4,D2f,177,AC
2021-08-01,5,D2f,218,AC
2021-08-01,6,D2f,186,AC
2021-08-01,7,D2f,199,AC
2021-08-01,8,D2f,194,AC
2021-08-01,9,D2f,20,AC
2021-08-01,10,D2f,4,AC
2021-08-01,11,D2f,1,AC
2021-09-01,2,D2f,0,AC
2021-09-01,3,D2f,25,AC
2021-09-01,4,D2f,409,AC
2021-09-01,5,D2f,366,AC
2021-09-01,6,D2f,380,AC
2021-09-01,7,D2f,370,AC
2021-09-01,8,D2f,77,AC
2021-09-01,9,D2f,20,AC
2021-09-01,10,D2f,8,AC
2021-09-01,11,D2f,3,AC
2021-10-01,2,D2f,1,AC
2021-10-01,3,D2f,99,AC
2021-10-01,4,D2f,906,AC
2021-10-01,5,D2f,540,AC
2021-10-01,6,D2f,418,AC
2021-10-01,7,D2f,326,AC
2021-10-01,8,D2f,45,AC
2021-10-01,9,D2f,7,AC
2021-10-01,10,D2f,3,AC
2021-10-01,11,D2f,1,AC
2021-11-01,2,D2f,2,AC
2021-11-01,3,D2f,263,AC
2021-11-01,4,D2f,785,AC
2021-11-01,5,D2f,442,AC
2021-11-01,6,D2f,256,AC
2021-11-01,7,D2f,148,AC
2021-11-01,8,D2f,18,AC
2021-11-01,9,D2f,8,AC
2021-11-01,10,D2f,6,AC
2021-11-01,11,D2f,0,AC
2021-12-01,2,D2f,6,AC
2021-12-01,3,D2f,302,AC
2021-12-01,4,D2f,448,AC
2021-12-01,5,D2f,232,AC
2021-12-01,6,D2f,130,AC
2021-12-01,7,D2f,71,AC
2021-12-01,8,D2f,21,AC
2021-12-01,9,D2f,5,AC
2021-12-01,10,D2f,1,AC
2021-12-01,11,D2f,0,AC
2022-01-01,2,D2f,5,AC
2022-01-01,3,D2f,353,AC
2022-01-01,4,D2f,455,AC
2022-01-01,5,D2f,222,AC
2022-01-01,6,D2f,152,AC
2022-01-01,7,D2f,73,AC
2022-01-01,8,D2f,28,AC
2022-01-01,9,D2f,11,AC
2022-01-01,10,D2f,1,AC
2022-01-01,11,D2f,0,AC
2022-02-01,2,D2f,4,AC
2022-02-01,3,D2f,266,AC
2022-02-01,4,D2f,302,AC
2022-02-01,5,D2f,141,AC
2022-02-01,6,D2f,89,AC
2022-02-01,7,D2f,46,AC
2022-02-01,8,D2f,14,AC
2022-02-01,9,D2f,3,AC
2022-02-01,10,D2f,3,AC
2022-02-01,11,D2f,1,AC
2022-03-01,2,D2f,17,AC
2022-03-01,3,D2f,132,AC
2022-03-01,4,D2f,200,AC
2022-03-01,5,D2f,88,AC
2022-03-01,6,D2f,50,AC
2022-03-01,7,D2f,31,AC
2022-03-01,8,D2f,9,AC
2022-03-01,9,D2f,1,AC
2022-03-01,10,D2f,3,AC
2022-03-01,11,D2f,0,AC
2022-04-01,2,D2f,136,AC
2022-04-01,3,D2f,145,AC
2022-04-01,4,D2f,136,AC
2022-04-01,5,D2f,47,AC
2022-04-01,6,D2f,43,AC
2022-04-01,7,D2f,18,AC
2022-04-01,8,D2f,3,AC
2022-04-01,9,D2f,2,AC
2022-04-01,10,D2f,1,AC
2022-04-01,11,D2f,0,AC
2022-05-01,2,D2f,189,AC
2022-05-01,3,D2f,88,AC
2022-05-01,4,D2f,74,AC
2022-05-01,5,D2f,28,AC
2022-05-01,6,D2f,28,AC
2022-05-01,7,D2f,10,AC
2022-05-01,8,D2f,2,AC
2022-05-01,9,D2f,0,AC
2022-05-01,10,D2f,1,AC
2022-05-01,11,D2f,0,AC
2022-06-01,2,D2f,154,AC
2022-06-01,3,D2f,46,AC
2022-06-01,4,D2f,57,AC
2022-06-01,5,D2f,23,AC
2022-06-01,6,D2f,7,AC
2022-06-01,7,D2f,3,AC
2022-06-01,8,D2f,4,AC
2022-06-01,9,D2f,0,AC
2022-06-01,10,D2f,0,AC
2022-06-01,11,D2f,0,AC
2022-07-01,2,D2f,47,AC
2022-07-01,3,D2f,19,AC
2022-07-01,4,D2f,21,AC
2022-07-01,5,D2f,7,AC
2022-07-01,6,D2f,2,AC
2022-07-01,7,D2f,8,AC
2022-07-01,8,D2f,1,AC
2022-07-01,9,D2f,0,AC
2022-07-01,10,D2f,0,AC
2022-07-01,11,D2f,0,AC
2021-02-01,2,R,0,AC
2021-02-01,3,R,0,AC
2021-02-01,4,R,0,AC
2021-02-01,5,R,0,AC
2021-02-01,6,R,0,AC
2021-02-01,7,R,0,AC
2021-02-01,8,R,0,AC
2021-02-01,9,R,0,AC
2021-02-01,10,R,0,AC
2021-02-01,11,R,0,AC
2021-03-01,2,R,0,AC
2021-03-01,3,R,0,AC
2021-03-01,4,R,0,AC
2021-03-01,5,R,1,AC
2021-03-01,6,R,0,AC
2021-03-01,7,R,0,AC
2021-03-01,8,R,0,AC
2021-03-01,9,R,0,AC
2021-03-01,10,R,0,AC
2021-03-01,11,R,0,AC
2021-04-01,2,R,0,AC
2021-04-01,3,R,0,AC
2021-04-01,4,R,0,AC
2021-04-01,5,R,0,AC
2021-04-01,6,R,0,AC
2021-04-01,7,R,0,AC
2021-04-01,8,R,0,AC
2021-04-01,9,R,0,AC
2021-04-01,10,R,0,AC
2021-04-01,11,R,0,AC
2021-05-01,2,R,0,AC
2021-05-01,3,R,0,AC
2021-05-01,4,R,1,AC
2021-05-01,5,R,0,AC
2021-05-01,6,R,0,AC
2021-05-01,7,R,0,AC
2021-05-01,8,R,0,AC
2021-05-01,9,R,0,AC
2021-05-01,10,R,1,AC
2021-05-01,11,R,0,AC
2021-06-01,2,R,0,AC
2021-06-01,3,R,0,AC
2021-06-01,4,R,0,AC
2021-06-01,5,R,0,AC
2021-06-01,6,R,0,AC
2021-06-01,7,R,0,AC
2021-06-01,8,R,0,AC
2021-06-01,9,R,0,AC
2021-06-01,10,R,0,AC
2021-06-01,11,R,0,AC
2021-07-01,2,R,0,AC
2021-07-01,3,R,0,AC
2021-07-01,4,R,0,AC
2021-07-01,5,R,0,AC
2021-07-01,6,R,0,AC
2021-07-01,7,R,0,AC
2021-07-01,8,R,0,AC
2021-07-01,9,R,1,AC
2021-07-01,10,R,0,AC
2021-07-01,11,R,0,AC
2021-08-01,2,R,0,AC
2021-08-01,3,R,0,AC
2021-08-01,4,R,0,AC
2021-08-01,5,R,1,AC
2021-08-01,6,R,1,AC
2021-08-01,7,R,1,AC
2021-08-01,8,R,1,AC
2021-08-01,9,R,1,AC
2021-08-01,10,R,0,AC
2021-08-01,11,R,0,AC
2021-09-01,2,R,0,AC
2021-09-01,3,R,0,AC
2021-09-01,4,R,0,AC
2021-09-01,5,R,2,AC
2021-09-01,6,R,6,AC
2021-09-01,7,R,4,AC
2021-09-01,8,R,2,AC
2021-09-01,9,R,1,AC
2021-09-01,10,R,1,AC
2021-09-01,11,R,0,AC
2021-10-01,2,R,0,AC
2021-10-01,3,R,0,AC
2021-10-01,4,R,93,AC
2021-10-01,5,R,149,AC
2021-10-01,6,R,185,AC
2021-10-01,7,R,100,AC
2021-10-01,8,R,97,AC
2021-10-01,9,R,316,AC
2021-10-01,10,R,351,AC
2021-10-01,11,R,212,AC
2021-11-01,2,R,0,AC
2021-11-01,3,R,2,AC
2021-11-01,4,R,602,AC
2021-11-01,5,R,1012,AC
2021-11-01,6,R,947,AC
2021-11-01,7,R,611,AC
2021-11-01,8,R,1069,AC
2021-11-01,9,R,1860,AC
2021-11-01,10,R,297,AC
2021-11-01,11,R,126,AC
2021-12-01,2,R,0,AC
2021-12-01,3,R,5,AC
2021-12-01,4,R,912,AC
2021-12-01,5,R,1276,AC
2021-12-01,6,R,1544,AC
2021-12-01,7,R,1420,AC
2021-12-01,8,R,5627,AC
2021-12-01,9,R,3165,AC
2021-12-01,10,R,880,AC
2021-12-01,11,R,111,AC
2022-01-01,2,R,0,AC
2022-01-01,3,R,22,AC
2022-01-01,4,R,2648,AC
2022-01-01,5,R,4241,AC
2022-01-01,6,R,5736,AC
2022-01-01,7,R,5847,AC
2022-01-01,8,R,7460,AC
2022-01-01,9,R,3599,AC
2022-01-01,10,R,983,AC
2022-01-01,11,R,131,AC
2022-02-01,2,R,1,AC
2022-02-01,3,R,189,AC
2022-02-01,4,R,10163,AC
2022-02-01,5,R,12039,AC
2022-02-01,6,R,13097,AC
2022-02-01,7,R,10286,AC
2022-02-01,8,R,4237,AC
2022-02-01,9,R,1357,AC
2022-02-01,10,R,386,AC
2022-02-01,11,R,66,AC
2022-03-01,2,R,0,AC
2022-03-01,3,R,530,AC
2022-03-01,4,R,10373,AC
2022-03-01,5,R,9253,AC
2022-03-01,6,R,9000,AC
2022-03-01,7,R,6415,AC
2022-03-01,8,R,2732,AC
2022-03-01,9,R,927,AC
2022-03-01,10,R,313,AC
2022-03-01,11,R,48,AC
2022-04-01,2,R,1,AC
2022-04-01,3,R,493,AC
2022-04-01,4,R,9565,AC
2022-04-01,5,R,7019,AC
2022-04-01,6,R,6143,AC
2022-04-01,7,R,4035,AC
2022-04-01,8,R,1596,AC
2022-04-01,9,R,570,AC
2022-04-01,10,R,228,AC
2022-04-01,11,R,34,AC
2022-05-01,2,R,0,AC
2022-05-01,3,R,356,AC
2022-05-01,4,R,5102,AC
2022-05-01,5,R,3818,AC
2022-05-01,6,R,3301,AC
2022-05-01,7,R,1961,AC
2022-05-01,8,R,845,AC
2022-05-01,9,R,338,AC
2022-05-01,10,R,242,AC
2022-05-01,11,R,41,AC
2022-06-01,2,R,0,AC
2022-06-01,3,R,301,AC
2022-06-01,4,R,3024,AC
2022-06-01,5,R,2034,AC
2022-06-01,6,R,1733,AC
2022-06-01,7,R,1165,AC
2022-06-01,8,R,821,AC
2022-06-01,9,R,494,AC
2022-06-01,10,R,148,AC
2022-06-01,11,R,23,AC
2022-07-01,2,R,9,AC
2022-07-01,3,R,1032,AC
2022-07-01,4,R,1133,AC
2022-07-01,5,R,754,AC
2022-07-01,6,R,759,AC
2022-07-01,7,R,697,AC
2022-07-01,8,R,527,AC
2022-07-01,9,R,254,AC
2022-07-01,10,R,93,AC
2022-07-01,11,R,17,AC
2021-02-01,2,D1cum,30,AC
2021-02-01,3,D1cum,18,AC
2021-02-01,4,D1cum,2619,AC
2021-02-01,5,D1cum,3307,AC
2021-02-01,6,D1cum,2859,AC
2021-02-01,7,D1cum,1577,AC
2021-02-01,8,D1cum,541,AC
2021-02-01,9,D1cum,210,AC
2021-02-01,10,D1cum,162,AC
2021-02-01,11,D1cum,62,AC
2021-03-01,2,D1cum,44,AC
2021-03-01,3,D1cum,27,AC
2021-03-01,4,D1cum,2532,AC
2021-03-01,5,D1cum,3172,AC
2021-03-01,6,D1cum,2703,AC
2021-03-01,7,D1cum,1470,AC
2021-03-01,8,D1cum,557,AC
2021-03-01,9,D1cum,3800,AC
2021-03-01,10,D1cum,3327,AC
2021-03-01,11,D1cum,1057,AC
2021-04-01,2,D1cum,49,AC
2021-04-01,3,D1cum,38,AC
2021-04-01,4,D1cum,3933,AC
2021-04-01,5,D1cum,4122,AC
2021-04-01,6,D1cum,3538,AC
2021-04-01,7,D1cum,1972,AC
2021-04-01,8,D1cum,17603,AC
2021-04-01,9,D1cum,16445,AC
2021-04-01,10,D1cum,4518,AC
2021-04-01,11,D1cum,443,AC
2021-05-01,2,D1cum,50,AC
2021-05-01,3,D1cum,45,AC
2021-05-01,4,D1cum,5091,AC
2021-05-01,5,D1cum,5831,AC
2021-05-01,6,D1cum,5761,AC
2021-05-01,7,D1cum,3679,AC
2021-05-01,8,D1cum,24435,AC
2021-05-01,9,D1cum,11963,AC
2021-05-01,10,D1cum,4227,AC
2021-05-01,11,D1cum,414,AC
2021-06-01,2,D1cum,51,AC
2021-06-01,3,D1cum,77,AC
2021-06-01,4,D1cum,8686,AC
2021-06-01,5,D1cum,11799,AC
2021-06-01,6,D1cum,15825,AC
2021-06-01,7,D1cum,18863,AC
2021-06-01,8,D1cum,22146,AC
2021-06-01,9,D1cum,8249,AC
2021-06-01,10,D1cum,2593,AC
2021-06-01,11,D1cum,352,AC
2021-07-01,2,D1cum,53,AC
2021-07-01,3,D1cum,132,AC
2021-07-01,4,D1cum,24714,AC
2021-07-01,5,D1cum,50822,AC
2021-07-01,6,D1cum,64541,AC
2021-07-01,7,D1cum,46345,AC
2021-07-01,8,D1cum,13141,AC
2021-07-01,9,D1cum,2931,AC
2021-07-01,10,D1cum,998,AC
2021-07-01,11,D1cum,240,AC
2021-08-01,2,D1cum,68,AC
2021-08-01,3,D1cum,4019,AC
2021-08-01,4,D1cum,87278,AC
2021-08-01,5,D1cum,72340,AC
2021-08-01,6,D1cum,65301,AC
2021-08-01,7,D1cum,40869,AC
2021-08-01,8,D1cum,7122,AC
2021-08-01,9,D1cum,2258,AC
2021-08-01,10,D1cum,847,AC
2021-08-01,11,D1cum,215,AC
2021-09-01,2,D1cum,178,AC
2021-09-01,3,D1cum,56199,AC
2021-09-01,4,D1cum,100019,AC
2021-09-01,5,D1cum,61811,AC
2021-09-01,6,D1cum,45980,AC
2021-09-01,7,D1cum,25434,AC
2021-09-01,8,D1cum,5542,AC
2021-09-01,9,D1cum,2060,AC
2021-09-01,10,D1cum,830,AC
2021-09-01,11,D1cum,214,AC
2021-10-01,2,D1cum,194,AC
2021-10-01,3,D1cum,56356,AC
2021-10-01,4,D1cum,86342,AC
2021-10-01,5,D1cum,44330,AC
2021-10-01,6,D1cum,27738,AC
2021-10-01,7,D1cum,13891,AC
2021-10-01,8,D1cum,4458,AC
2021-10-01,9,D1cum,1876,AC
2021-10-01,10,D1cum,779,AC
2021-10-01,11,D1cum,206,AC
2021-11-01,2,D1cum,201,AC
2021-11-01,3,D1cum,45513,AC
2021-11-01,4,D1cum,65881,AC
2021-11-01,5,D1cum,33008,AC
2021-11-01,6,D1cum,21074,AC
2021-11-01,7,D1cum,10751,AC
2021-11-01,8,D1cum,3919,AC
2021-11-01,9,D1cum,1754,AC
2021-11-01,10,D1cum,756,AC
2021-11-01,11,D1cum,193,AC
2021-12-01,2,D1cum,199,AC
2021-12-01,3,D1cum,34574,AC
2021-12-01,4,D1cum,51955,AC
2021-12-01,5,D1cum,26757,AC
2021-12-01,6,D1cum,17364,AC
2021-12-01,7,D1cum,8934,AC
2021-12-01,8,D1cum,3535,AC
2021-12-01,9,D1cum,1616,AC
2021-12-01,10,D1cum,695,AC
2021-12-01,11,D1cum,181,AC
2022-01-01,2,D1cum,189,AC
2022-01-01,3,D1cum,28606,AC
2022-01-01,4,D1cum,44341,AC
2022-01-01,5,D1cum,23195,AC
2022-01-01,6,D1cum,15307,AC
2022-01-01,7,D1cum,8004,AC
2022-01-01,8,D1cum,3422,AC
2022-01-01,9,D1cum,1602,AC
2022-01-01,10,D1cum,683,AC
2022-01-01,11,D1cum,183,AC
2022-02-01,2,D1cum,9948,AC
2022-02-01,3,D1cum,26602,AC
2022-02-01,4,D1cum,40649,AC
2022-02-01,5,D1cum,21402,AC
2022-02-01,6,D1cum,14113,AC
2022-02-01,7,D1cum,7499,AC
2022-02-01,8,D1cum,3310,AC
2022-02-01,9,D1cum,1564,AC
2022-02-01,10,D1cum,667,AC
2022-02-01,11,D1cum,185,AC
2022-03-01,2,D1cum,27901,AC
2022-03-01,3,D1cum,25424,AC
2022-03-01,4,D1cum,38212,AC
2022-03-01,5,D1cum,20253,AC
2022-03-01,6,D1cum,13384,AC
2022-03-01,7,D1cum,7232,AC
2022-03-01,8,D1cum,3242,AC
2022-03-01,9,D1cum,1526,AC
2022-03-01,10,D1cum,657,AC
2022-03-01,11,D1cum,187,AC
2022-04-01,2,D1cum,35229,AC
2022-04-01,3,D1cum,24391,AC
2022-04-01,4,D1cum,36490,AC
2022-04-01,5,D1cum,19401,AC
2022-04-01,6,D1cum,12851,AC
2022-04-01,7,D1cum,6975,AC
2022-04-01,8,D1cum,3165,AC
2022-04-01,9,D1cum,1499,AC
2022-04-01,10,D1cum,653,AC
2022-04-01,11,D1cum,182,AC
2022-05-01,2,D1cum,34100,AC
2022-05-01,3,D1cum,23597,AC
2022-05-01,4,D1cum,35772,AC
2022-05-01,5,D1cum,18982,AC
2022-05-01,6,D1cum,12624,AC
2022-05-01,7,D1cum,6876,AC
2022-05-01,8,D1cum,3120,AC
2022-05-01,9,D1cum,1489,AC
2022-05-01,10,D1cum,642,AC
2022-05-01,11,D1cum,182,AC
2022-06-01,2,D1cum,32404,AC
2022-06-01,3,D1cum,23135,AC
2022-06-01,4,D1cum,35140,AC
2022-06-01,5,D1cum,18697,AC
2022-06-01,6,D1cum,12445,AC
2022-06-01,7,D1cum,6797,AC
2022-06-01,8,D1cum,3089,AC
2022-06-01,9,D1cum,1481,AC
2022-06-01,10,D1cum,639,AC
2022-06-01,11,D1cum,181,AC
2022-07-01,2,D1cum,31850,AC
2022-07-01,3,D1cum,23011,AC
2022-07-01,4,D1cum,34943,AC
2022-07-01,5,D1cum,18634,AC
2022-07-01,6,D1cum,12395,AC
2022-07-01,7,D1cum,6769,AC
2022-07-01,8,D1cum,3070,AC
2022-07-01,9,D1cum,1479,AC
2022-07-01,10,D1cum,640,AC
2022-07-01,11,D1cum,183,AC
2021-02-01,2,D2cum,0,AC
2021-02-01,3,D2cum,0,AC
2021-02-01,4,D2cum,2,AC
2021-02-01,5,D2cum,0,AC
2021-02-01,6,D2cum,2,AC
2021-02-01,7,D2cum,2,AC
2021-02-01,8,D2cum,0,AC
2021-02-01,9,D2cum,0,AC
2021-02-01,10,D2cum,0,AC
2021-02-01,11,D2cum,0,AC
2021-03-01,2,D2cum,0,AC
2021-03-01,3,D2cum,4,AC
2021-03-01,4,D2cum,2082,AC
2021-03-01,5,D2cum,2631,AC
2021-03-01,6,D2cum,2301,AC
2021-03-01,7,D2cum,1329,AC
2021-03-01,8,D2cum,433,AC
2021-03-01,9,D2cum,195,AC
2021-03-01,10,D2cum,125,AC
2021-03-01,11,D2cum,63,AC
2021-04-01,2,D2cum,0,AC
2021-04-01,3,D2cum,4,AC
2021-04-01,4,D2cum,2928,AC
2021-04-01,5,D2cum,3677,AC
2021-04-01,6,D2cum,3096,AC
2021-04-01,7,D2cum,1793,AC
2021-04-01,8,D2cum,647,AC
2021-04-01,9,D2cum,981,AC
2021-04-01,10,D2cum,1747,AC
2021-04-01,11,D2cum,996,AC
2021-05-01,2,D2cum,1,AC
2021-05-01,3,D2cum,9,AC
2021-05-01,4,D2cum,4821,AC
2021-05-01,5,D2cum,5562,AC
2021-05-01,6,D2cum,4848,AC
2021-05-01,7,D2cum,2762,AC
2021-05-01,8,D2cum,9181,AC
2021-05-01,9,D2cum,7046,AC
2021-05-01,10,D2cum,2448,AC
2021-05-01,11,D2cum,1121,AC
2021-06-01,2,D2cum,1,AC
2021-06-01,3,D2cum,15,AC
2021-06-01,4,D2cum,7496,AC
2021-06-01,5,D2cum,8766,AC
2021-06-01,6,D2cum,8277,AC
2021-06-01,7,D2cum,4941,AC
2021-06-01,8,D2cum,14901,AC
2021-06-01,9,D2cum,11367,AC
2021-06-01,10,D2cum,4274,AC
2021-06-01,11,D2cum,1222,AC
2021-07-01,2,D2cum,1,AC
2021-07-01,3,D2cum,23,AC
2021-07-01,4,D2cum,8742,AC
2021-07-01,5,D2cum,10326,AC
2021-07-01,6,D2cum,10918,AC
2021-07-01,7,D2cum,8514,AC
2021-07-01,8,D2cum,26414,AC
2021-07-01,9,D2cum,17134,AC
2021-07-01,10,D2cum,5994,AC
2021-07-01,11,D2cum,1369,AC
2021-08-01,2,D2cum,2,AC
2021-08-01,3,D2cum,31,AC
2021-08-01,4,D2cum,14489,AC
2021-08-01,5,D2cum,20733,AC
2021-08-01,6,D2cum,21104,AC
2021-08-01,7,D2cum,19227,AC
2021-08-01,8,D2cum,33661,AC
2021-08-01,9,D2cum,18120,AC
2021-08-01,10,D2cum,6252,AC
2021-08-01,11,D2cum,1415,AC
2021-09-01,2,D2cum,4,AC
2021-09-01,3,D2cum,2163,AC
2021-09-01,4,D2cum,34136,AC
2021-09-01,5,D2cum,43373,AC
2021-09-01,6,D2cum,47383,AC
2021-09-01,7,D2cum,38208,AC
2021-09-01,8,D2cum,36198,AC
2021-09-01,9,D2cum,18616,AC
2021-09-01,10,D2cum,6398,AC
2021-09-01,11,D2cum,1440,AC
2021-10-01,2,D2cum,20,AC
2021-10-01,3,D2cum,11171,AC
2021-10-01,4,D2cum,60178,AC
2021-10-01,5,D2cum,66322,AC
2021-10-01,6,D2cum,68940,AC
2021-10-01,7,D2cum,51509,AC
2021-10-01,8,D2cum,37724,AC
2021-10-01,9,D2cum,18693,AC
2021-10-01,10,D2cum,6172,AC
2021-10-01,11,D2cum,1253,AC
2021-11-01,2,D2cum,45,AC
2021-11-01,3,D2cum,27155,AC
2021-11-01,4,D2cum,86495,AC
2021-11-01,5,D2cum,79609,AC
2021-11-01,6,D2cum,76476,AC
2021-11-01,7,D2cum,54966,AC
2021-11-01,8,D2cum,37467,AC
2021-11-01,9,D2cum,17076,AC
2021-11-01,10,D2cum,5963,AC
2021-11-01,11,D2cum,1146,AC
2021-12-01,2,D2cum,88,AC
2021-12-01,3,D2cum,42920,AC
2021-12-01,4,D2cum,104387,AC
2021-12-01,5,D2cum,86885,AC
2021-12-01,6,D2cum,80068,AC
2021-12-01,7,D2cum,56064,AC
2021-12-01,8,D2cum,32459,AC
2021-12-01,9,D2cum,14132,AC
2021-12-01,10,D2cum,5163,AC
2021-12-01,11,D2cum,1055,AC
2022-01-01,2,D2cum,122,AC
2022-01-01,3,D2cum,52900,AC
2022-01-01,4,D2cum,115709,AC
2022-01-01,5,D2cum,89357,AC
2022-01-01,6,D2cum,78456,AC
2022-01-01,7,D2cum,52208,AC
2022-01-01,8,D2cum,25498,AC
2022-01-01,9,D2cum,10705,AC
2022-01-01,10,D2cum,4239,AC
2022-01-01,11,D2cum,933,AC
2022-02-01,2,D2cum,142,AC
2022-02-01,3,D2cum,57609,AC
2022-02-01,4,D2cum,113051,AC
2022-02-01,5,D2cum,80836,AC
2022-02-01,6,D2cum,67647,AC
2022-02-01,7,D2cum,42919,AC
2022-02-01,8,D2cum,21558,AC
2022-02-01,9,D2cum,9451,AC
2022-02-01,10,D2cum,3893,AC
2022-02-01,11,D2cum,874,AC
2022-03-01,2,D2cum,223,AC
2022-03-01,3,D2cum,60938,AC
2022-03-01,4,D2cum,107743,AC
2022-03-01,5,D2cum,73972,AC
2022-03-01,6,D2cum,60059,AC
2022-03-01,7,D2cum,37151,AC
2022-03-01,8,D2cum,19024,AC
2022-03-01,9,D2cum,8599,AC
2022-03-01,10,D2cum,3616,AC
2022-03-01,11,D2cum,832,AC
2022-04-01,2,D2cum,4301,AC
2022-04-01,3,D2cum,63681,AC
2022-04-01,4,D2cum,101638,AC
2022-04-01,5,D2cum,68613,AC
2022-04-01,6,D2cum,54909,AC
2022-04-01,7,D2cum,33601,AC
2022-04-01,8,D2cum,17583,AC
2022-04-01,9,D2cum,8081,AC
2022-04-01,10,D2cum,3409,AC
2022-04-01,11,D2cum,804,AC
2022-05-01,2,D2cum,10873,AC
2022-05-01,3,D2cum,65389,AC
2022-05-01,4,D2cum,98130,AC
2022-05-01,5,D2cum,65586,AC
2022-05-01,6,D2cum,52094,AC
2022-05-01,7,D2cum,31853,AC
2022-05-01,8,D2cum,16817,AC
2022-05-01,9,D2cum,7768,AC
2022-05-01,10,D2cum,3186,AC
2022-05-01,11,D2cum,766,AC
2022-06-01,2,D2cum,14992,AC
2022-06-01,3,D2cum,66189,AC
2022-06-01,4,D2cum,96221,AC
2022-06-01,5,D2cum,64034,AC
2022-06-01,6,D2cum,50654,AC
2022-06-01,7,D2cum,30823,AC
2022-06-01,8,D2cum,16052,AC
2022-06-01,9,D2cum,7290,AC
2022-06-01,10,D2cum,3044,AC
2022-06-01,11,D2cum,744,AC
2022-07-01,2,D2cum,16520,AC
2022-07-01,3,D2cum,65545,AC
2022-07-01,4,D2cum,95435,AC
2022-07-01,5,D2cum,63412,AC
2022-07-01,6,D2cum,49975,AC
2022-07-01,7,D2cum,30183,AC
2022-07-01,8,D2cum,15553,AC
2022-07-01,9,D2cum,7039,AC
2022-07-01,10,D2cum,2952,AC
2022-07-01,11,D2cum,727,AC
2021-02-01,2,Rcum,0,AC
2021-02-01,3,Rcum,0,AC
2021-02-01,4,Rcum,0,AC
2021-02-01,5,Rcum,0,AC
2021-02-01,6,Rcum,0,AC
2021-02-01,7,Rcum,0,AC
2021-02-01,8,Rcum,0,AC
2021-02-01,9,Rcum,0,AC
2021-02-01,10,Rcum,0,AC
2021-02-01,11,Rcum,0,AC
2021-03-01,2,Rcum,0,AC
2021-03-01,3,Rcum,0,AC
2021-03-01,4,Rcum,0,AC
2021-03-01,5,Rcum,1,AC
2021-03-01,6,Rcum,0,AC
2021-03-01,7,Rcum,0,AC
2021-03-01,8,Rcum,0,AC
2021-03-01,9,Rcum,0,AC
2021-03-01,10,Rcum,0,AC
2021-03-01,11,Rcum,0,AC
2021-04-01,2,Rcum,0,AC
2021-04-01,3,Rcum,0,AC
2021-04-01,4,Rcum,0,AC
2021-04-01,5,Rcum,1,AC
2021-04-01,6,Rcum,0,AC
2021-04-01,7,Rcum,0,AC
2021-04-01,8,Rcum,0,AC
2021-04-01,9,Rcum,0,AC
2021-04-01,10,Rcum,0,AC
2021-04-01,11,Rcum,0,AC
2021-05-01,2,Rcum,0,AC
2021-05-01,3,Rcum,0,AC
2021-05-01,4,Rcum,1,AC
2021-05-01,5,Rcum,1,AC
2021-05-01,6,Rcum,0,AC
2021-05-01,7,Rcum,0,AC
2021-05-01,8,Rcum,0,AC
2021-05-01,9,Rcum,0,AC
2021-05-01,10,Rcum,1,AC
2021-05-01,11,Rcum,0,AC
2021-06-01,2,Rcum,0,AC
2021-06-01,3,Rcum,0,AC
2021-06-01,4,Rcum,1,AC
2021-06-01,5,Rcum,1,AC
2021-06-01,6,Rcum,0,AC
2021-06-01,7,Rcum,0,AC
2021-06-01,8,Rcum,0,AC
2021-06-01,9,Rcum,0,AC
2021-06-01,10,Rcum,1,AC
2021-06-01,11,Rcum,0,AC
2021-07-01,2,Rcum,0,AC
2021-07-01,3,Rcum,0,AC
2021-07-01,4,Rcum,1,AC
2021-07-01,5,Rcum,1,AC
2021-07-01,6,Rcum,0,AC
2021-07-01,7,Rcum,0,AC
2021-07-01,8,Rcum,0,AC
2021-07-01,9,Rcum,1,AC
2021-07-01,10,Rcum,1,AC
2021-07-01,11,Rcum,0,AC
2021-08-01,2,Rcum,0,AC
2021-08-01,3,Rcum,0,AC
2021-08-01,4,Rcum,1,AC
2021-08-01,5,Rcum,2,AC
2021-08-01,6,Rcum,1,AC
2021-08-01,7,Rcum,1,AC
2021-08-01,8,Rcum,1,AC
2021-08-01,9,Rcum,2,AC
2021-08-01,10,Rcum,1,AC
2021-08-01,11,Rcum,0,AC
2021-09-01,2,Rcum,0,AC
2021-09-01,3,Rcum,0,AC
2021-09-01,4,Rcum,1,AC
2021-09-01,5,Rcum,4,AC
2021-09-01,6,Rcum,7,AC
2021-09-01,7,Rcum,5,AC
2021-09-01,8,Rcum,3,AC
2021-09-01,9,Rcum,3,AC
2021-09-01,10,Rcum,2,AC
2021-09-01,11,Rcum,0,AC
2021-10-01,2,Rcum,0,AC
2021-10-01,3,Rcum,0,AC
2021-10-01,4,Rcum,94,AC
2021-10-01,5,Rcum,153,AC
2021-10-01,6,Rcum,192,AC
2021-10-01,7,Rcum,105,AC
2021-10-01,8,Rcum,100,AC
2021-10-01,9,Rcum,319,AC
2021-10-01,10,Rcum,353,AC
2021-10-01,11,Rcum,212,AC
2021-11-01,2,Rcum,0,AC
2021-11-01,3,Rcum,2,AC
2021-11-01,4,Rcum,696,AC
2021-11-01,5,Rcum,1165,AC
2021-11-01,6,Rcum,1139,AC
2021-11-01,7,Rcum,716,AC
2021-11-01,8,Rcum,1169,AC
2021-11-01,9,Rcum,2179,AC
2021-11-01,10,Rcum,650,AC
2021-11-01,11,Rcum,338,AC
2021-12-01,2,Rcum,0,AC
2021-12-01,3,Rcum,7,AC
2021-12-01,4,Rcum,1608,AC
2021-12-01,5,Rcum,2441,AC
2021-12-01,6,Rcum,2683,AC
2021-12-01,7,Rcum,2136,AC
2021-12-01,8,Rcum,6796,AC
2021-12-01,9,Rcum,5344,AC
2021-12-01,10,Rcum,1530,AC
2021-12-01,11,Rcum,449,AC
2022-01-01,2,Rcum,0,AC
2022-01-01,3,Rcum,29,AC
2022-01-01,4,Rcum,4256,AC
2022-01-01,5,Rcum,6682,AC
2022-01-01,6,Rcum,8419,AC
2022-01-01,7,Rcum,7983,AC
2022-01-01,8,Rcum,14256,AC
2022-01-01,9,Rcum,8943,AC
2022-01-01,10,Rcum,2513,AC
2022-01-01,11,Rcum,580,AC
2022-02-01,2,Rcum,1,AC
2022-02-01,3,Rcum,218,AC
2022-02-01,4,Rcum,14419,AC
2022-02-01,5,Rcum,18721,AC
2022-02-01,6,Rcum,21516,AC
2022-02-01,7,Rcum,18269,AC
2022-02-01,8,Rcum,18493,AC
2022-02-01,9,Rcum,10300,AC
2022-02-01,10,Rcum,2899,AC
2022-02-01,11,Rcum,646,AC
2022-03-01,2,Rcum,1,AC
2022-03-01,3,Rcum,748,AC
2022-03-01,4,Rcum,24792,AC
2022-03-01,5,Rcum,27974,AC
2022-03-01,6,Rcum,30516,AC
2022-03-01,7,Rcum,24684,AC
2022-03-01,8,Rcum,21225,AC
2022-03-01,9,Rcum,11227,AC
2022-03-01,10,Rcum,3212,AC
2022-03-01,11,Rcum,694,AC
2022-04-01,2,Rcum,2,AC
2022-04-01,3,Rcum,1241,AC
2022-04-01,4,Rcum,34357,AC
2022-04-01,5,Rcum,34993,AC
2022-04-01,6,Rcum,36659,AC
2022-04-01,7,Rcum,28719,AC
2022-04-01,8,Rcum,22821,AC
2022-04-01,9,Rcum,11797,AC
2022-04-01,10,Rcum,3440,AC
2022-04-01,11,Rcum,728,AC
2022-05-01,2,Rcum,2,AC
2022-05-01,3,Rcum,1597,AC
2022-05-01,4,Rcum,39459,AC
2022-05-01,5,Rcum,38811,AC
2022-05-01,6,Rcum,39960,AC
2022-05-01,7,Rcum,30680,AC
2022-05-01,8,Rcum,23666,AC
2022-05-01,9,Rcum,12135,AC
2022-05-01,10,Rcum,3682,AC
2022-05-01,11,Rcum,769,AC
2022-06-01,2,Rcum,2,AC
2022-06-01,3,Rcum,1898,AC
2022-06-01,4,Rcum,42483,AC
2022-06-01,5,Rcum,40845,AC
2022-06-01,6,Rcum,41693,AC
2022-06-01,7,Rcum,31845,AC
2022-06-01,8,Rcum,24487,AC
2022-06-01,9,Rcum,12629,AC
2022-06-01,10,Rcum,3830,AC
2022-06-01,11,Rcum,792,AC
2022-07-01,2,Rcum,11,AC
2022-07-01,3,Rcum,2930,AC
2022-07-01,4,Rcum,43616,AC
2022-07-01,5,Rcum,41599,AC
2022-07-01,6,Rcum,42452,AC
2022-07-01,7,Rcum,32542,AC
2022-07-01,8,Rcum,25014,AC
2022-07-01,9,Rcum,12883,AC
2022-07-01,10,Rcum,3923,AC
2022-07-01,11,Rcum,809,AC
2021-02-01,2,Dcum,0,AC
2021-02-01,3,Dcum,0,AC
2021-02-01,4,Dcum,0,AC
2021-02-01,5,Dcum,0,AC
2021-02-01,6,Dcum,0,AC
2021-02-01,7,Dcum,0,AC
2021-02-01,8,Dcum,0,AC
2021-02-01,9,Dcum,0,AC
2021-02-01,10,Dcum,0,AC
2021-02-01,11,Dcum,0,AC
2021-03-01,2,Dcum,0,AC
2021-03-01,3,Dcum,0,AC
2021-03-01,4,Dcum,0,AC
2021-03-01,5,Dcum,0,AC
2021-03-01,6,Dcum,0,AC
2021-03-01,7,Dcum,1,AC
2021-03-01,8,Dcum,0,AC
2021-03-01,9,Dcum,0,AC
2021-03-01,10,Dcum,11,AC
2021-03-01,11,Dcum,3,AC
2021-04-01,2,Dcum,0,AC
2021-04-01,3,Dcum,0,AC
2021-04-01,4,Dcum,0,AC
2021-04-01,5,Dcum,0,AC
2021-04-01,6,Dcum,0,AC
2021-04-01,7,Dcum,1,AC
2021-04-01,8,Dcum,0,AC
2021-04-01,9,Dcum,0,AC
2021-04-01,10,Dcum,11,AC
2021-04-01,11,Dcum,3,AC
2021-05-01,2,Dcum,0,AC
2021-05-01,3,Dcum,0,AC
2021-05-01,4,Dcum,1,AC
2021-05-01,5,Dcum,0,AC
2021-05-01,6,Dcum,1,AC
2021-05-01,7,Dcum,1,AC
2021-05-01,8,Dcum,0,AC
2021-05-01,9,Dcum,0,AC
2021-05-01,10,Dcum,11,AC
2021-05-01,11,Dcum,3,AC
2021-06-01,2,Dcum,0,AC
2021-06-01,3,Dcum,0,AC
2021-06-01,4,Dcum,1,AC
2021-06-01,5,Dcum,0,AC
2021-06-01,6,Dcum,2,AC
2021-06-01,7,Dcum,1,AC
2021-06-01,8,Dcum,0,AC
2021-06-01,9,Dcum,0,AC
2021-06-01,10,Dcum,11,AC
2021-06-01,11,Dcum,3,AC
2021-07-01,2,Dcum,0,AC
2021-07-01,3,Dcum,0,AC
2021-07-01,4,Dcum,122,AC
2021-07-01,5,Dcum,1314,AC
2021-07-01,6,Dcum,515,AC
2021-07-01,7,Dcum,276,AC
2021-07-01,8,Dcum,21,AC
2021-07-01,9,Dcum,4,AC
2021-07-01,10,Dcum,12,AC
2021-07-01,11,Dcum,4,AC
2021-08-01,2,Dcum,0,AC
2021-08-01,3,Dcum,4,AC
2021-08-01,4,Dcum,3609,AC
2021-08-01,5,Dcum,4667,AC
2021-08-01,6,Dcum,1799,AC
2021-08-01,7,Dcum,859,AC
2021-08-01,8,Dcum,152,AC
2021-08-01,9,Dcum,34,AC
2021-08-01,10,Dcum,28,AC
2021-08-01,11,Dcum,6,AC
2021-09-01,2,Dcum,0,AC
2021-09-01,3,Dcum,9,AC
2021-09-01,4,Dcum,4169,AC
2021-09-01,5,Dcum,4919,AC
2021-09-01,6,Dcum,2002,AC
2021-09-01,7,Dcum,968,AC
2021-09-01,8,Dcum,184,AC
2021-09-01,9,Dcum,49,AC
2021-09-01,10,Dcum,29,AC
2021-09-01,11,Dcum,6,AC
2021-10-01,2,Dcum,0,AC
2021-10-01,3,Dcum,10,AC
2021-10-01,4,Dcum,4280,AC
2021-10-01,5,Dcum,4975,AC
2021-10-01,6,Dcum,2045,AC
2021-10-01,7,Dcum,986,AC
2021-10-01,8,Dcum,195,AC
2021-10-01,9,Dcum,51,AC
2021-10-01,10,Dcum,30,AC
2021-10-01,11,Dcum,7,AC
2021-11-01,2,Dcum,0,AC
2021-11-01,3,Dcum,10,AC
2021-11-01,4,Dcum,4323,AC
2021-11-01,5,Dcum,4994,AC
2021-11-01,6,Dcum,2056,AC
2021-11-01,7,Dcum,990,AC
2021-11-01,8,Dcum,197,AC
2021-11-01,9,Dcum,53,AC
2021-11-01,10,Dcum,30,AC
2021-11-01,11,Dcum,7,AC
2021-12-01,2,Dcum,0,AC
2021-12-01,3,Dcum,10,AC
2021-12-01,4,Dcum,4331,AC
2021-12-01,5,Dcum,4997,AC
2021-12-01,6,Dcum,2057,AC
2021-12-01,7,Dcum,990,AC
2021-12-01,8,Dcum,197,AC
2021-12-01,9,Dcum,53,AC
2021-12-01,10,Dcum,30,AC
2021-12-01,11,Dcum,7,AC
2022-01-01,2,Dcum,0,AC
2022-01-01,3,Dcum,14,AC
2022-01-01,4,Dcum,4358,AC
2022-01-01,5,Dcum,5012,AC
2022-01-01,6,Dcum,2068,AC
2022-01-01,7,Dcum,994,AC
2022-01-01,8,Dcum,198,AC
2022-01-01,9,Dcum,54,AC
2022-01-01,10,Dcum,30,AC
2022-01-01,11,Dcum,7,AC
2022-02-01,2,Dcum,0,AC
2022-02-01,3,Dcum,16,AC
2022-02-01,4,Dcum,4408,AC
2022-02-01,5,Dcum,5041,AC
2022-02-01,6,Dcum,2084,AC
2022-02-01,7,Dcum,1001,AC
2022-02-01,8,Dcum,200,AC
2022-02-01,9,Dcum,55,AC
2022-02-01,10,Dcum,30,AC
2022-02-01,11,Dcum,7,AC
2022-03-01,2,Dcum,0,AC
2022-03-01,3,Dcum,17,AC
2022-03-01,4,Dcum,4459,AC
2022-03-01,5,Dcum,5064,AC
2022-03-01,6,Dcum,2093,AC
2022-03-01,7,Dcum,1008,AC
2022-03-01,8,Dcum,202,AC
2022-03-01,9,Dcum,56,AC
2022-03-01,10,Dcum,30,AC
2022-03-01,11,Dcum,7,AC
2022-04-01,2,Dcum,0,AC
2022-04-01,3,Dcum,18,AC
2022-04-01,4,Dcum,4556,AC
2022-04-01,5,Dcum,5109,AC
2022-04-01,6,Dcum,2132,AC
2022-04-01,7,Dcum,1023,AC
2022-04-01,8,Dcum,206,AC
2022-04-01,9,Dcum,58,AC
2022-04-01,10,Dcum,30,AC
2022-04-01,11,Dcum,8,AC
2022-05-01,2,Dcum,1,AC
2022-05-01,3,Dcum,20,AC
2022-05-01,4,Dcum,4650,AC
2022-05-01,5,Dcum,5150,AC
2022-05-01,6,Dcum,2154,AC
2022-05-01,7,Dcum,1035,AC
2022-05-01,8,Dcum,210,AC
2022-05-01,9,Dcum,58,AC
2022-05-01,10,Dcum,31,AC
2022-05-01,11,Dcum,8,AC
2022-06-01,2,Dcum,1,AC
2022-06-01,3,Dcum,27,AC
2022-06-01,4,Dcum,4752,AC
2022-06-01,5,Dcum,5191,AC
2022-06-01,6,Dcum,2180,AC
2022-06-01,7,Dcum,1043,AC
2022-06-01,8,Dcum,213,AC
2022-06-01,9,Dcum,59,AC
2022-06-01,10,Dcum,31,AC
2022-06-01,11,Dcum,8,AC
2022-07-01,2,Dcum,1,AC
2022-07-01,3,Dcum,27,AC
2022-07-01,4,Dcum,4780,AC
2022-07-01,5,Dcum,5203,AC
2022-07-01,6,Dcum,2192,AC
2022-07-01,7,Dcum,1047,AC
2022-07-01,8,Dcum,214,AC
2022-07-01,9,Dcum,59,AC
2022-07-01,10,Dcum,32,AC
2022-07-01,11,Dcum,8,AC
2021-02-01,2,Dcum,0,SP
2021-02-01,2,Rcum,0,SP
2021-02-01,2,D2cum,0,SP
2021-02-01,2,D1cum,46,SP
2021-02-01,2,D,0,SP
2021-02-01,2,R,0,SP
2021-02-01,2,D2f,0,SP
2021-02-01,2,D2,0,SP
2021-02-01,2,D1,46,SP
2021-02-01,3,Dcum,0,SP
2021-02-01,3,Rcum,0,SP
2021-02-01,3,D2cum,0,SP
2021-02-01,3,D1cum,49,SP
2021-02-01,3,D,0,SP
2021-02-01,3,R,0,SP
2021-02-01,3,D2f,0,SP
2021-02-01,3,D2,0,SP
2021-02-01,3,D1,49,SP
2021-02-01,4,Dcum,9,SP
2021-02-01,4,Rcum,0,SP
2021-02-01,4,D2cum,14,SP
2021-02-01,4,D1cum,29258,SP
2021-02-01,4,D,9,SP
2021-02-01,4,R,0,SP
2021-02-01,4,D2f,11,SP
2021-02-01,4,D2,14,SP
2021-02-01,4,D1,29258,SP
2021-02-01,5,Dcum,7,SP
2021-02-01,5,Rcum,0,SP
2021-02-01,5,D2cum,10,SP
2021-02-01,5,D1cum,52357,SP
2021-02-01,5,D,7,SP
2021-02-01,5,R,0,SP
2021-02-01,5,D2f,9,SP
2021-02-01,5,D2,10,SP
2021-02-01,5,D1,52357,SP
2021-02-01,6,Dcum,5,SP
2021-02-01,6,Rcum,0,SP
2021-02-01,6,D2cum,14,SP
2021-02-01,6,D1cum,46614,SP
2021-02-01,6,D,5,SP
2021-02-01,6,R,0,SP
2021-02-01,6,D2f,9,SP
2021-02-01,6,D2,14,SP
2021-02-01,6,D1,46614,SP
2021-02-01,7,Dcum,6,SP
2021-02-01,7,Rcum,0,SP
2021-02-01,7,D2cum,8,SP
2021-02-01,7,D1cum,27698,SP
2021-02-01,7,D,6,SP
2021-02-01,7,R,0,SP
2021-02-01,7,D2f,3,SP
2021-02-01,7,D2,8,SP
2021-02-01,7,D1,27698,SP
2021-02-01,8,Dcum,10,SP
2021-02-01,8,Rcum,0,SP
2021-02-01,8,D2cum,1,SP
2021-02-01,8,D1cum,11672,SP
2021-02-01,8,D,10,SP
2021-02-01,8,R,0,SP
2021-02-01,8,D2f,1,SP
2021-02-01,8,D2,1,SP
2021-02-01,8,D1,11672,SP
2021-02-01,9,Dcum,0,SP
2021-02-01,9,Rcum,0,SP
2021-02-01,9,D2cum,2,SP
2021-02-01,9,D1cum,4819,SP
2021-02-01,9,D,0,SP
2021-02-01,9,R,0,SP
2021-02-01,9,D2f,2,SP
2021-02-01,9,D2,2,SP
2021-02-01,9,D1,4819,SP
2021-02-01,10,Dcum,0,SP
2021-02-01,10,Rcum,0,SP
2021-02-01,10,D2cum,4,SP
2021-02-01,10,D1cum,4419,SP
2021-02-01,10,D,0,SP
2021-02-01,10,R,0,SP
2021-02-01,10,D2f,4,SP
2021-02-01,10,D2,4,SP
2021-02-01,10,D1,4419,SP
2021-02-01,11,Dcum,0,SP
2021-02-01,11,Rcum,0,SP
2021-02-01,11,D2cum,2,SP
2021-02-01,11,D1cum,2246,SP
2021-02-01,11,D,0,SP
2021-02-01,11,R,0,SP
2021-02-01,11,D2f,2,SP
2021-02-01,11,D2,2,SP
2021-02-01,11,D1,2246,SP
2021-03-01,2,Dcum,0,SP
2021-03-01,2,Rcum,0,SP
2021-03-01,2,D2cum,3,SP
2021-03-01,2,D1cum,79,SP
2021-03-01,2,D,0,SP
2021-03-01,2,R,0,SP
2021-03-01,2,D2f,0,SP
2021-03-01,2,D2,3,SP
2021-03-01,2,D1,33,SP
2021-03-01,3,Dcum,0,SP
2021-03-01,3,Rcum,0,SP
2021-03-01,3,D2cum,17,SP
2021-03-01,3,D1cum,183,SP
2021-03-01,3,D,0,SP
2021-03-01,3,R,0,SP
2021-03-01,3,D2f,0,SP
2021-03-01,3,D2,17,SP
2021-03-01,3,D1,134,SP
2021-03-01,4,Dcum,9,SP
2021-03-01,4,Rcum,0,SP
2021-03-01,4,D2cum,25215,SP
2021-03-01,4,D1cum,44429,SP
2021-03-01,4,D,0,SP
2021-03-01,4,R,0,SP
2021-03-01,4,D2f,390,SP
2021-03-01,4,D2,25201,SP
2021-03-01,4,D1,15171,SP
2021-03-01,5,Dcum,9,SP
2021-03-01,5,Rcum,0,SP
2021-03-01,5,D2cum,45531,SP
2021-03-01,5,D1cum,58215,SP
2021-03-01,5,D,2,SP
2021-03-01,5,R,0,SP
2021-03-01,5,D2f,710,SP
2021-03-01,5,D2,45521,SP
2021-03-01,5,D1,5858,SP
2021-03-01,6,Dcum,6,SP
2021-03-01,6,Rcum,2,SP
2021-03-01,6,D2cum,41005,SP
2021-03-01,6,D1cum,51435,SP
2021-03-01,6,D,1,SP
2021-03-01,6,R,2,SP
2021-03-01,6,D2f,834,SP
2021-03-01,6,D2,40991,SP
2021-03-01,6,D1,4821,SP
2021-03-01,7,Dcum,6,SP
2021-03-01,7,Rcum,0,SP
2021-03-01,7,D2cum,24264,SP
2021-03-01,7,D1cum,33421,SP
2021-03-01,7,D,0,SP
2021-03-01,7,R,0,SP
2021-03-01,7,D2f,641,SP
2021-03-01,7,D2,24256,SP
2021-03-01,7,D1,5723,SP
2021-03-01,8,Dcum,10,SP
2021-03-01,8,Rcum,0,SP
2021-03-01,8,D2cum,10466,SP
2021-03-01,8,D1cum,24377,SP
2021-03-01,8,D,0,SP
2021-03-01,8,R,0,SP
2021-03-01,8,D2f,318,SP
2021-03-01,8,D2,10465,SP
2021-03-01,8,D1,12705,SP
2021-03-01,9,Dcum,0,SP
2021-03-01,9,Rcum,0,SP
2021-03-01,9,D2cum,4269,SP
2021-03-01,9,D1cum,14191,SP
2021-03-01,9,D,0,SP
2021-03-01,9,R,0,SP
2021-03-01,9,D2f,144,SP
2021-03-01,9,D2,4267,SP
2021-03-01,9,D1,9372,SP
2021-03-01,10,Dcum,0,SP
2021-03-01,10,Rcum,0,SP
2021-03-01,10,D2cum,3989,SP
2021-03-01,10,D1cum,111491,SP
2021-03-01,10,D,0,SP
2021-03-01,10,R,0,SP
2021-03-01,10,D2f,196,SP
2021-03-01,10,D2,3985,SP
2021-03-01,10,D1,107072,SP
2021-03-01,11,Dcum,0,SP
2021-03-01,11,Rcum,0,SP
2021-03-01,11,D2cum,5607,SP
2021-03-01,11,D1cum,37975,SP
2021-03-01,11,D,0,SP
2021-03-01,11,R,0,SP
2021-03-01,11,D2f,268,SP
2021-03-01,11,D2,5605,SP
2021-03-01,11,D1,35729,SP
2021-04-01,2,Dcum,0,SP
2021-04-01,2,Rcum,0,SP
2021-04-01,2,D2cum,7,SP
2021-04-01,2,D1cum,95,SP
2021-04-01,2,D,0,SP
2021-04-01,2,R,0,SP
2021-04-01,2,D2f,1,SP
2021-04-01,2,D2,4,SP
2021-04-01,2,D1,16,SP
2021-04-01,3,Dcum,0,SP
2021-04-01,3,Rcum,0,SP
2021-04-01,3,D2cum,82,SP
2021-04-01,3,D1cum,189,SP
2021-04-01,3,D,0,SP
2021-04-01,3,R,0,SP
2021-04-01,3,D2f,0,SP
2021-04-01,3,D2,65,SP
2021-04-01,3,D1,6,SP
2021-04-01,4,Dcum,40,SP
2021-04-01,4,Rcum,0,SP
2021-04-01,4,D2cum,46057,SP
2021-04-01,4,D1cum,34893,SP
2021-04-01,4,D,31,SP
2021-04-01,4,R,0,SP
2021-04-01,4,D2f,328,SP
2021-04-01,4,D2,20842,SP
2021-04-01,4,D1,-9536,SP
2021-04-01,5,Dcum,44,SP
2021-04-01,5,Rcum,0,SP
2021-04-01,5,D2cum,70263,SP
2021-04-01,5,D1cum,45955,SP
2021-04-01,5,D,35,SP
2021-04-01,5,R,0,SP
2021-04-01,5,D2f,373,SP
2021-04-01,5,D2,24732,SP
2021-04-01,5,D1,-12260,SP
2021-04-01,6,Dcum,35,SP
2021-04-01,6,Rcum,3,SP
2021-04-01,6,D2cum,62902,SP
2021-04-01,6,D1cum,40622,SP
2021-04-01,6,D,29,SP
2021-04-01,6,R,1,SP
2021-04-01,6,D2f,355,SP
2021-04-01,6,D2,21897,SP
2021-04-01,6,D1,-10813,SP
2021-04-01,7,Dcum,36,SP
2021-04-01,7,Rcum,0,SP
2021-04-01,7,D2cum,40525,SP
2021-04-01,7,D1cum,30179,SP
2021-04-01,7,D,30,SP
2021-04-01,7,R,0,SP
2021-04-01,7,D2f,316,SP
2021-04-01,7,D2,16261,SP
2021-04-01,7,D1,-3242,SP
2021-04-01,8,Dcum,55,SP
2021-04-01,8,Rcum,0,SP
2021-04-01,8,D2cum,27614,SP
2021-04-01,8,D1cum,100719,SP
2021-04-01,8,D,45,SP
2021-04-01,8,R,0,SP
2021-04-01,8,D2f,482,SP
2021-04-01,8,D2,17148,SP
2021-04-01,8,D1,76342,SP
2021-04-01,9,Dcum,10,SP
2021-04-01,9,Rcum,2,SP
2021-04-01,9,D2cum,70661,SP
2021-04-01,9,D1cum,474098,SP
2021-04-01,9,D,10,SP
2021-04-01,9,R,2,SP
2021-04-01,9,D2f,1656,SP
2021-04-01,9,D2,66392,SP
2021-04-01,9,D1,459907,SP
2021-04-01,10,Dcum,3,SP
2021-04-01,10,Rcum,5,SP
2021-04-01,10,D2cum,101534,SP
2021-04-01,10,D1cum,131235,SP
2021-04-01,10,D,3,SP
2021-04-01,10,R,5,SP
2021-04-01,10,D2f,2279,SP
2021-04-01,10,D2,97545,SP
2021-04-01,10,D1,19744,SP
2021-04-01,11,Dcum,0,SP
2021-04-01,11,Rcum,2,SP
2021-04-01,11,D2cum,37106,SP
2021-04-01,11,D1cum,10266,SP
2021-04-01,11,D,0,SP
2021-04-01,11,R,2,SP
2021-04-01,11,D2f,829,SP
2021-04-01,11,D2,31499,SP
2021-04-01,11,D1,-27709,SP
2021-05-01,2,Dcum,0,SP
2021-05-01,2,Rcum,0,SP
2021-05-01,2,D2cum,10,SP
2021-05-01,2,D1cum,105,SP
2021-05-01,2,D,0,SP
2021-05-01,2,R,0,SP
2021-05-01,2,D2f,0,SP
2021-05-01,2,D2,3,SP
2021-05-01,2,D1,10,SP
2021-05-01,3,Dcum,0,SP
2021-05-01,3,Rcum,0,SP
2021-05-01,3,D2cum,122,SP
2021-05-01,3,D1cum,184,SP
2021-05-01,3,D,0,SP
2021-05-01,3,R,0,SP
2021-05-01,3,D2f,0,SP
2021-05-01,3,D2,40,SP
2021-05-01,3,D1,-5,SP
2021-05-01,4,Dcum,42,SP
2021-05-01,4,Rcum,1,SP
2021-05-01,4,D2cum,68089,SP
2021-05-01,4,D1cum,24762,SP
2021-05-01,4,D,2,SP
2021-05-01,4,R,1,SP
2021-05-01,4,D2f,395,SP
2021-05-01,4,D2,22032,SP
2021-05-01,4,D1,-10131,SP
2021-05-01,5,Dcum,49,SP
2021-05-01,5,Rcum,0,SP
2021-05-01,5,D2cum,100007,SP
2021-05-01,5,D1cum,36575,SP
2021-05-01,5,D,5,SP
2021-05-01,5,R,0,SP
2021-05-01,5,D2f,589,SP
2021-05-01,5,D2,29744,SP
2021-05-01,5,D1,-9380,SP
2021-05-01,6,Dcum,45,SP
2021-05-01,6,Rcum,4,SP
2021-05-01,6,D2cum,89558,SP
2021-05-01,6,D1cum,56164,SP
2021-05-01,6,D,10,SP
2021-05-01,6,R,1,SP
2021-05-01,6,D2f,590,SP
2021-05-01,6,D2,26656,SP
2021-05-01,6,D1,15542,SP
2021-05-01,7,Dcum,43,SP
2021-05-01,7,Rcum,0,SP
2021-05-01,7,D2cum,62268,SP
2021-05-01,7,D1cum,73725,SP
2021-05-01,7,D,7,SP
2021-05-01,7,R,0,SP
2021-05-01,7,D2f,477,SP
2021-05-01,7,D2,21743,SP
2021-05-01,7,D1,43546,SP
2021-05-01,8,Dcum,58,SP
2021-05-01,8,Rcum,4,SP
2021-05-01,8,D2cum,176773,SP
2021-05-01,8,D1cum,464880,SP
2021-05-01,8,D,3,SP
2021-05-01,8,R,4,SP
2021-05-01,8,D2f,3301,SP
2021-05-01,8,D2,149159,SP
2021-05-01,8,D1,364161,SP
2021-05-01,9,Dcum,10,SP
2021-05-01,9,Rcum,15,SP
2021-05-01,9,D2cum,513020,SP
2021-05-01,9,D1cum,70092,SP
2021-05-01,9,D,0,SP
2021-05-01,9,R,13,SP
2021-05-01,9,D2f,8021,SP
2021-05-01,9,D2,442359,SP
2021-05-01,9,D1,-404006,SP
2021-05-01,10,Dcum,3,SP
2021-05-01,10,Rcum,7,SP
2021-05-01,10,D2cum,124142,SP
2021-05-01,10,D1cum,112222,SP
2021-05-01,10,D,0,SP
2021-05-01,10,R,2,SP
2021-05-01,10,D2f,465,SP
2021-05-01,10,D2,22608,SP
2021-05-01,10,D1,-19013,SP
2021-05-01,11,Dcum,0,SP
2021-05-01,11,Rcum,3,SP
2021-05-01,11,D2cum,39835,SP
2021-05-01,11,D1cum,8073,SP
2021-05-01,11,D,0,SP
2021-05-01,11,R,1,SP
2021-05-01,11,D2f,96,SP
2021-05-01,11,D2,2729,SP
2021-05-01,11,D1,-2193,SP
2021-06-01,2,Dcum,0,SP
2021-06-01,2,Rcum,0,SP
2021-06-01,2,D2cum,12,SP
2021-06-01,2,D1cum,120,SP
2021-06-01,2,D,0,SP
2021-06-01,2,R,0,SP
2021-06-01,2,D2f,1,SP
2021-06-01,2,D2,2,SP
2021-06-01,2,D1,15,SP
2021-06-01,3,Dcum,0,SP
2021-06-01,3,Rcum,0,SP
2021-06-01,3,D2cum,140,SP
2021-06-01,3,D1cum,281,SP
2021-06-01,3,D,0,SP
2021-06-01,3,R,0,SP
2021-06-01,3,D2f,1,SP
2021-06-01,3,D2,18,SP
2021-06-01,3,D1,97,SP
2021-06-01,4,Dcum,46,SP
2021-06-01,4,Rcum,3,SP
2021-06-01,4,D2cum,81308,SP
2021-06-01,4,D1cum,60744,SP
2021-06-01,4,D,4,SP
2021-06-01,4,R,2,SP
2021-06-01,4,D2f,228,SP
2021-06-01,4,D2,13219,SP
2021-06-01,4,D1,35982,SP
2021-06-01,5,Dcum,54,SP
2021-06-01,5,Rcum,2,SP
2021-06-01,5,D2cum,117570,SP
2021-06-01,5,D1cum,86274,SP
2021-06-01,5,D,5,SP
2021-06-01,5,R,2,SP
2021-06-01,5,D2f,282,SP
2021-06-01,5,D2,17563,SP
2021-06-01,5,D1,49699,SP
2021-06-01,6,Dcum,46,SP
2021-06-01,6,Rcum,7,SP
2021-06-01,6,D2cum,122105,SP
2021-06-01,6,D1cum,223102,SP
2021-06-01,6,D,1,SP
2021-06-01,6,R,3,SP
2021-06-01,6,D2f,449,SP
2021-06-01,6,D2,32547,SP
2021-06-01,6,D1,166938,SP
2021-06-01,7,Dcum,44,SP
2021-06-01,7,Rcum,1,SP
2021-06-01,7,D2cum,118006,SP
2021-06-01,7,D1cum,411659,SP
2021-06-01,7,D,1,SP
2021-06-01,7,R,1,SP
2021-06-01,7,D2f,639,SP
2021-06-01,7,D2,55738,SP
2021-06-01,7,D1,337934,SP
2021-06-01,8,Dcum,59,SP
2021-06-01,8,Rcum,10,SP
2021-06-01,8,D2cum,297026,SP
2021-06-01,8,D1cum,726159,SP
2021-06-01,8,D,1,SP
2021-06-01,8,R,6,SP
2021-06-01,8,D2f,2177,SP
2021-06-01,8,D2,120253,SP
2021-06-01,8,D1,261279,SP
2021-06-01,9,Dcum,10,SP
2021-06-01,9,Rcum,18,SP
2021-06-01,9,D2cum,544544,SP
2021-06-01,9,D1cum,45364,SP
2021-06-01,9,D,0,SP
2021-06-01,9,R,3,SP
2021-06-01,9,D2f,725,SP
2021-06-01,9,D2,31524,SP
2021-06-01,9,D1,-24728,SP
2021-06-01,10,Dcum,3,SP
2021-06-01,10,Rcum,11,SP
2021-06-01,10,D2cum,202892,SP
2021-06-01,10,D1cum,36813,SP
2021-06-01,10,D,0,SP
2021-06-01,10,R,4,SP
2021-06-01,10,D2f,1775,SP
2021-06-01,10,D2,78750,SP
2021-06-01,10,D1,-75409,SP
2021-06-01,11,Dcum,0,SP
2021-06-01,11,Rcum,3,SP
2021-06-01,11,D2cum,44519,SP
2021-06-01,11,D1cum,3854,SP
2021-06-01,11,D,0,SP
2021-06-01,11,R,0,SP
2021-06-01,11,D2f,214,SP
2021-06-01,11,D2,4684,SP
2021-06-01,11,D1,-4219,SP
2021-07-01,2,Dcum,2,SP
2021-07-01,2,Rcum,0,SP
2021-07-01,2,D2cum,14,SP
2021-07-01,2,D1cum,146,SP
2021-07-01,2,D,2,SP
2021-07-01,2,R,0,SP
2021-07-01,2,D2f,2,SP
2021-07-01,2,D2,2,SP
2021-07-01,2,D1,26,SP
2021-07-01,3,Dcum,0,SP
2021-07-01,3,Rcum,0,SP
2021-07-01,3,D2cum,152,SP
2021-07-01,3,D1cum,539,SP
2021-07-01,3,D,0,SP
2021-07-01,3,R,0,SP
2021-07-01,3,D2f,0,SP
2021-07-01,3,D2,12,SP
2021-07-01,3,D1,258,SP
2021-07-01,4,Dcum,1727,SP
2021-07-01,4,Rcum,4,SP
2021-07-01,4,D2cum,89585,SP
2021-07-01,4,D1cum,210832,SP
2021-07-01,4,D,1681,SP
2021-07-01,4,R,1,SP
2021-07-01,4,D2f,140,SP
2021-07-01,4,D2,8277,SP
2021-07-01,4,D1,150088,SP
2021-07-01,5,Dcum,2891,SP
2021-07-01,5,Rcum,6,SP
2021-07-01,5,D2cum,132169,SP
2021-07-01,5,D1cum,320733,SP
2021-07-01,5,D,2837,SP
2021-07-01,5,R,4,SP
2021-07-01,5,D2f,150,SP
2021-07-01,5,D2,14599,SP
2021-07-01,5,D1,234459,SP
2021-07-01,6,Dcum,45725,SP
2021-07-01,6,Rcum,16,SP
2021-07-01,6,D2cum,137878,SP
2021-07-01,6,D1cum,978623,SP
2021-07-01,6,D,45679,SP
2021-07-01,6,R,9,SP
2021-07-01,6,D2f,205,SP
2021-07-01,6,D2,15773,SP
2021-07-01,6,D1,755521,SP
2021-07-01,7,Dcum,6831,SP
2021-07-01,7,Rcum,7,SP
2021-07-01,7,D2cum,130060,SP
2021-07-01,7,D1cum,1203856,SP
2021-07-01,7,D,6787,SP
2021-07-01,7,R,6,SP
2021-07-01,7,D2f,239,SP
2021-07-01,7,D2,12054,SP
2021-07-01,7,D1,792197,SP
2021-07-01,8,Dcum,698,SP
2021-07-01,8,Rcum,16,SP
2021-07-01,8,D2cum,309925,SP
2021-07-01,8,D1cum,770168,SP
2021-07-01,8,D,639,SP
2021-07-01,8,R,6,SP
2021-07-01,8,D2f,418,SP
2021-07-01,8,D2,12899,SP
2021-07-01,8,D1,44009,SP
2021-07-01,9,Dcum,106,SP
2021-07-01,9,Rcum,24,SP
2021-07-01,9,D2cum,559723,SP
2021-07-01,9,D1cum,33730,SP
2021-07-01,9,D,96,SP
2021-07-01,9,R,6,SP
2021-07-01,9,D2f,583,SP
2021-07-01,9,D2,15179,SP
2021-07-01,9,D1,-11634,SP
2021-07-01,10,Dcum,34,SP
2021-07-01,10,Rcum,14,SP
2021-07-01,10,D2cum,226400,SP
2021-07-01,10,D1cum,14846,SP
2021-07-01,10,D,31,SP
2021-07-01,10,R,3,SP
2021-07-01,10,D2f,604,SP
2021-07-01,10,D2,23508,SP
2021-07-01,10,D1,-21967,SP
2021-07-01,11,Dcum,3,SP
2021-07-01,11,Rcum,5,SP
2021-07-01,11,D2cum,44998,SP
2021-07-01,11,D1cum,3529,SP
2021-07-01,11,D,3,SP
2021-07-01,11,R,2,SP
2021-07-01,11,D2f,16,SP
2021-07-01,11,D2,479,SP
2021-07-01,11,D1,-325,SP
2021-08-01,2,Dcum,5,SP
2021-08-01,2,Rcum,0,SP
2021-08-01,2,D2cum,15,SP
2021-08-01,2,D1cum,177,SP
2021-08-01,2,D,3,SP
2021-08-01,2,R,0,SP
2021-08-01,2,D2f,1,SP
2021-08-01,2,D2,1,SP
2021-08-01,2,D1,31,SP
2021-08-01,3,Dcum,10,SP
2021-08-01,3,Rcum,0,SP
2021-08-01,3,D2cum,211,SP
2021-08-01,3,D1cum,679,SP
2021-08-01,3,D,10,SP
2021-08-01,3,R,0,SP
2021-08-01,3,D2f,3,SP
2021-08-01,3,D2,59,SP
2021-08-01,3,D1,140,SP
2021-08-01,4,Dcum,9767,SP
2021-08-01,4,Rcum,5,SP
2021-08-01,4,D2cum,122810,SP
2021-08-01,4,D1cum,444754,SP
2021-08-01,4,D,8040,SP
2021-08-01,4,R,1,SP
2021-08-01,4,D2f,336,SP
2021-08-01,4,D2,33225,SP
2021-08-01,4,D1,233922,SP
2021-08-01,5,Dcum,130222,SP
2021-08-01,5,Rcum,11,SP
2021-08-01,5,D2cum,169508,SP
2021-08-01,5,D1cum,1420850,SP
2021-08-01,5,D,127331,SP
2021-08-01,5,R,5,SP
2021-08-01,5,D2f,439,SP
2021-08-01,5,D2,37339,SP
2021-08-01,5,D1,1100117,SP
2021-08-01,6,Dcum,133512,SP
2021-08-01,6,Rcum,24,SP
2021-08-01,6,D2cum,295444,SP
2021-08-01,6,D1cum,1283784,SP
2021-08-01,6,D,87787,SP
2021-08-01,6,R,8,SP
2021-08-01,6,D2f,990,SP
2021-08-01,6,D2,157566,SP
2021-08-01,6,D1,305161,SP
2021-08-01,7,Dcum,17570,SP
2021-08-01,7,Rcum,13,SP
2021-08-01,7,D2cum,230123,SP
2021-08-01,7,D1cum,1182792,SP
2021-08-01,7,D,10739,SP
2021-08-01,7,R,6,SP
2021-08-01,7,D2f,747,SP
2021-08-01,7,D2,100063,SP
2021-08-01,7,D1,-21064,SP
2021-08-01,8,Dcum,2422,SP
2021-08-01,8,Rcum,29,SP
2021-08-01,8,D2cum,832547,SP
2021-08-01,8,D1cum,269338,SP
2021-08-01,8,D,1724,SP
2021-08-01,8,R,13,SP
2021-08-01,8,D2f,9264,SP
2021-08-01,8,D2,522622,SP
2021-08-01,8,D1,-500830,SP
2021-08-01,9,Dcum,413,SP
2021-08-01,9,Rcum,32,SP
2021-08-01,9,D2cum,568863,SP
2021-08-01,9,D1cum,26720,SP
2021-08-01,9,D,307,SP
2021-08-01,9,R,8,SP
2021-08-01,9,D2f,226,SP
2021-08-01,9,D2,9140,SP
2021-08-01,9,D1,-7010,SP
2021-08-01,10,Dcum,115,SP
2021-08-01,10,Rcum,16,SP
2021-08-01,10,D2cum,228233,SP
2021-08-01,10,D1cum,13619,SP
2021-08-01,10,D,81,SP
2021-08-01,10,R,2,SP
2021-08-01,10,D2f,39,SP
2021-08-01,10,D2,1833,SP
2021-08-01,10,D1,-1227,SP
2021-08-01,11,Dcum,24,SP
2021-08-01,11,Rcum,7,SP
2021-08-01,11,D2cum,45224,SP
2021-08-01,11,D1cum,3405,SP
2021-08-01,11,D,21,SP
2021-08-01,11,R,2,SP
2021-08-01,11,D2f,4,SP
2021-08-01,11,D2,226,SP
2021-08-01,11,D1,-124,SP
2021-09-01,2,Dcum,6,SP
2021-09-01,2,Rcum,0,SP
2021-09-01,2,D2cum,27,SP
2021-09-01,2,D1cum,327,SP
2021-09-01,2,D,1,SP
2021-09-01,2,R,0,SP
2021-09-01,2,D2f,1,SP
2021-09-01,2,D2,12,SP
2021-09-01,2,D1,150,SP
2021-09-01,3,Dcum,25,SP
2021-09-01,3,Rcum,1,SP
2021-09-01,3,D2cum,384,SP
2021-09-01,3,D1cum,228366,SP
2021-09-01,3,D,15,SP
2021-09-01,3,R,1,SP
2021-09-01,3,D2f,12,SP
2021-09-01,3,D2,173,SP
2021-09-01,3,D1,227687,SP
2021-09-01,4,Dcum,17246,SP
2021-09-01,4,Rcum,56,SP
2021-09-01,4,D2cum,389538,SP
2021-09-01,4,D1cum,1517313,SP
2021-09-01,4,D,7479,SP
2021-09-01,4,R,51,SP
2021-09-01,4,D2f,1942,SP
2021-09-01,4,D2,266728,SP
2021-09-01,4,D1,1072559,SP
2021-09-01,5,Dcum,132082,SP
2021-09-01,5,Rcum,79,SP
2021-09-01,5,D2cum,785778,SP
2021-09-01,5,D1cum,966438,SP
2021-09-01,5,D,1860,SP
2021-09-01,5,R,68,SP
2021-09-01,5,D2f,3978,SP
2021-09-01,5,D2,616270,SP
2021-09-01,5,D1,-454412,SP
2021-09-01,6,Dcum,134307,SP
2021-09-01,6,Rcum,59,SP
2021-09-01,6,D2cum,600656,SP
2021-09-01,6,D1cum,1031430,SP
2021-09-01,6,D,795,SP
2021-09-01,6,R,35,SP
2021-09-01,6,D2f,4424,SP
2021-09-01,6,D2,305212,SP
2021-09-01,6,D1,-252354,SP
2021-09-01,7,Dcum,17826,SP
2021-09-01,7,Rcum,55,SP
2021-09-01,7,D2cum,675437,SP
2021-09-01,7,D1cum,766904,SP
2021-09-01,7,D,256,SP
2021-09-01,7,R,42,SP
2021-09-01,7,D2f,7430,SP
2021-09-01,7,D2,445314,SP
2021-09-01,7,D1,-415888,SP
2021-09-01,8,Dcum,2496,SP
2021-09-01,8,Rcum,60,SP
2021-09-01,8,D2cum,1014623,SP
2021-09-01,8,D1cum,96528,SP
2021-09-01,8,D,74,SP
2021-09-01,8,R,31,SP
2021-09-01,8,D2f,3792,SP
2021-09-01,8,D2,182076,SP
2021-09-01,8,D1,-172810,SP
2021-09-01,9,Dcum,432,SP
2021-09-01,9,Rcum,53,SP
2021-09-01,9,D2cum,573907,SP
2021-09-01,9,D1cum,23059,SP
2021-09-01,9,D,19,SP
2021-09-01,9,R,21,SP
2021-09-01,9,D2f,92,SP
2021-09-01,9,D2,5044,SP
2021-09-01,9,D1,-3661,SP
2021-09-01,10,Dcum,125,SP
2021-09-01,10,Rcum,34,SP
2021-09-01,10,D2cum,229516,SP
2021-09-01,10,D1cum,12717,SP
2021-09-01,10,D,10,SP
2021-09-01,10,R,18,SP
2021-09-01,10,D2f,33,SP
2021-09-01,10,D2,1283,SP
2021-09-01,10,D1,-902,SP
2021-09-01,11,Dcum,26,SP
2021-09-01,11,Rcum,11,SP
2021-09-01,11,D2cum,45441,SP
2021-09-01,11,D1cum,3266,SP
2021-09-01,11,D,2,SP
2021-09-01,11,R,4,SP
2021-09-01,11,D2f,4,SP
2021-09-01,11,D2,217,SP
2021-09-01,11,D1,-139,SP
2021-10-01,2,Dcum,6,SP
2021-10-01,2,Rcum,0,SP
2021-10-01,2,D2cum,49,SP
2021-10-01,2,D1cum,725,SP
2021-10-01,2,D,0,SP
2021-10-01,2,R,0,SP
2021-10-01,2,D2f,1,SP
2021-10-01,2,D2,22,SP
2021-10-01,2,D1,398,SP
2021-10-01,3,Dcum,31,SP
2021-10-01,3,Rcum,3,SP
2021-10-01,3,D2cum,1183,SP
2021-10-01,3,D1cum,759503,SP
2021-10-01,3,D,6,SP
2021-10-01,3,R,2,SP
2021-10-01,3,D2f,63,SP
2021-10-01,3,D2,799,SP
2021-10-01,3,D1,531137,SP
2021-10-01,4,Dcum,17755,SP
2021-10-01,4,Rcum,952,SP
2021-10-01,4,D2cum,992950,SP
2021-10-01,4,D1cum,1037060,SP
2021-10-01,4,D,509,SP
2021-10-01,4,R,896,SP
2021-10-01,4,D2f,3957,SP
2021-10-01,4,D2,603412,SP
2021-10-01,4,D1,-480253,SP
2021-10-01,5,Dcum,132345,SP
2021-10-01,5,Rcum,1814,SP
2021-10-01,5,D2cum,1137293,SP
2021-10-01,5,D1cum,650659,SP
2021-10-01,5,D,263,SP
2021-10-01,5,R,1735,SP
2021-10-01,5,D2f,3359,SP
2021-10-01,5,D2,351515,SP
2021-10-01,5,D1,-315779,SP
2021-10-01,6,Dcum,134451,SP
2021-10-01,6,Rcum,2242,SP
2021-10-01,6,D2cum,1318747,SP
2021-10-01,6,D1cum,334365,SP
2021-10-01,6,D,144,SP
2021-10-01,6,R,2183,SP
2021-10-01,6,D2f,5963,SP
2021-10-01,6,D2,718091,SP
2021-10-01,6,D1,-697065,SP
2021-10-01,7,Dcum,17916,SP
2021-10-01,7,Rcum,2199,SP
2021-10-01,7,D2cum,1318446,SP
2021-10-01,7,D1cum,135952,SP
2021-10-01,7,D,90,SP
2021-10-01,7,R,2144,SP
2021-10-01,7,D2f,5226,SP
2021-10-01,7,D2,643009,SP
2021-10-01,7,D1,-630952,SP
2021-10-01,8,Dcum,2518,SP
2021-10-01,8,Rcum,5482,SP
2021-10-01,8,D2cum,1057454,SP
2021-10-01,8,D1cum,51486,SP
2021-10-01,8,D,22,SP
2021-10-01,8,R,5422,SP
2021-10-01,8,D2f,506,SP
2021-10-01,8,D2,42831,SP
2021-10-01,8,D1,-45042,SP
2021-10-01,9,Dcum,438,SP
2021-10-01,9,Rcum,30323,SP
2021-10-01,9,D2cum,546430,SP
2021-10-01,9,D1cum,21145,SP
2021-10-01,9,D,6,SP
2021-10-01,9,R,30270,SP
2021-10-01,9,D2f,40,SP
2021-10-01,9,D2,-27477,SP
2021-10-01,9,D1,-1914,SP
2021-10-01,10,Dcum,126,SP
2021-10-01,10,Rcum,57847,SP
2021-10-01,10,D2cum,172744,SP
2021-10-01,10,D1cum,12030,SP
2021-10-01,10,D,1,SP
2021-10-01,10,R,57813,SP
2021-10-01,10,D2f,28,SP
2021-10-01,10,D2,-56772,SP
2021-10-01,10,D1,-687,SP
2021-10-01,11,Dcum,26,SP
2021-10-01,11,Rcum,22814,SP
2021-10-01,11,D2cum,22923,SP
2021-10-01,11,D1cum,3063,SP
2021-10-01,11,D,0,SP
2021-10-01,11,R,22803,SP
2021-10-01,11,D2f,11,SP
2021-10-01,11,D2,-22518,SP
2021-10-01,11,D1,-203,SP
2021-11-01,2,Dcum,6,SP
2021-11-01,2,Rcum,2,SP
2021-11-01,2,D2cum,107,SP
2021-11-01,2,D1cum,733,SP
2021-11-01,2,D,0,SP
2021-11-01,2,R,2,SP
2021-11-01,2,D2f,1,SP
2021-11-01,2,D2,58,SP
2021-11-01,2,D1,8,SP
2021-11-01,3,Dcum,35,SP
2021-11-01,3,Rcum,73,SP
2021-11-01,3,D2cum,134310,SP
2021-11-01,3,D1cum,672500,SP
2021-11-01,3,D,4,SP
2021-11-01,3,R,70,SP
2021-11-01,3,D2f,485,SP
2021-11-01,3,D2,133127,SP
2021-11-01,3,D1,-87003,SP
2021-11-01,4,Dcum,17889,SP
2021-11-01,4,Rcum,36491,SP
2021-11-01,4,D2cum,1401599,SP
2021-11-01,4,D1cum,644169,SP
2021-11-01,4,D,134,SP
2021-11-01,4,R,35539,SP
2021-11-01,4,D2f,4533,SP
2021-11-01,4,D2,408649,SP
2021-11-01,4,D1,-392891,SP
2021-11-01,5,Dcum,132452,SP
2021-11-01,5,Rcum,57449,SP
2021-11-01,5,D2cum,1518000,SP
2021-11-01,5,D1cum,240195,SP
2021-11-01,5,D,107,SP
2021-11-01,5,R,55635,SP
2021-11-01,5,D2f,4695,SP
2021-11-01,5,D2,380707,SP
2021-11-01,5,D1,-410464,SP
2021-11-01,6,Dcum,134545,SP
2021-11-01,6,Rcum,53645,SP
2021-11-01,6,D2cum,1475062,SP
2021-11-01,6,D1cum,141619,SP
2021-11-01,6,D,94,SP
2021-11-01,6,R,51403,SP
2021-11-01,6,D2f,3505,SP
2021-11-01,6,D2,156315,SP
2021-11-01,6,D1,-192746,SP
2021-11-01,7,Dcum,17948,SP
2021-11-01,7,Rcum,37748,SP
2021-11-01,7,D2cum,1343847,SP
2021-11-01,7,D1cum,81578,SP
2021-11-01,7,D,32,SP
2021-11-01,7,R,35549,SP
2021-11-01,7,D2f,1113,SP
2021-11-01,7,D2,25401,SP
2021-11-01,7,D1,-54374,SP
2021-11-01,8,Dcum,2525,SP
2021-11-01,8,Rcum,98957,SP
2021-11-01,8,D2cum,973285,SP
2021-11-01,8,D1cum,44342,SP
2021-11-01,8,D,7,SP
2021-11-01,8,R,93475,SP
2021-11-01,8,D2f,175,SP
2021-11-01,8,D2,-84169,SP
2021-11-01,8,D1,-7144,SP
2021-11-01,9,Dcum,440,SP
2021-11-01,9,Rcum,331232,SP
2021-11-01,9,D2cum,247719,SP
2021-11-01,9,D1cum,19750,SP
2021-11-01,9,D,2,SP
2021-11-01,9,R,300909,SP
2021-11-01,9,D2f,124,SP
2021-11-01,9,D2,-298711,SP
2021-11-01,9,D1,-1395,SP
2021-11-01,10,Dcum,129,SP
2021-11-01,10,Rcum,88456,SP
2021-11-01,10,D2cum,142744,SP
2021-11-01,10,D1cum,11664,SP
2021-11-01,10,D,3,SP
2021-11-01,10,R,30609,SP
2021-11-01,10,D2f,31,SP
2021-11-01,10,D2,-30000,SP
2021-11-01,10,D1,-366,SP
2021-11-01,11,Dcum,26,SP
2021-11-01,11,Rcum,27883,SP
2021-11-01,11,D2cum,17932,SP
2021-11-01,11,D1cum,3029,SP
2021-11-01,11,D,0,SP
2021-11-01,11,R,5069,SP
2021-11-01,11,D2f,2,SP
2021-11-01,11,D2,-4991,SP
2021-11-01,11,D1,-34,SP
2021-12-01,2,Dcum,6,SP
2021-12-01,2,Rcum,3,SP
2021-12-01,2,D2cum,309,SP
2021-12-01,2,D1cum,581,SP
2021-12-01,2,D,0,SP
2021-12-01,2,R,1,SP
2021-12-01,2,D2f,0,SP
2021-12-01,2,D2,202,SP
2021-12-01,2,D1,-152,SP
2021-12-01,3,Dcum,35,SP
2021-12-01,3,Rcum,157,SP
2021-12-01,3,D2cum,505469,SP
2021-12-01,3,D1cum,338313,SP
2021-12-01,3,D,0,SP
2021-12-01,3,R,84,SP
2021-12-01,3,D2f,2068,SP
2021-12-01,3,D2,371159,SP
2021-12-01,3,D1,-334187,SP
2021-12-01,4,Dcum,17919,SP
2021-12-01,4,Rcum,52781,SP
2021-12-01,4,D2cum,1647314,SP
2021-12-01,4,D1cum,410600,SP
2021-12-01,4,D,30,SP
2021-12-01,4,R,16290,SP
2021-12-01,4,D2f,3418,SP
2021-12-01,4,D2,245715,SP
2021-12-01,4,D1,-233569,SP
2021-12-01,5,Dcum,132483,SP
2021-12-01,5,Rcum,81880,SP
2021-12-01,5,D2cum,1557593,SP
2021-12-01,5,D1cum,189452,SP
2021-12-01,5,D,31,SP
2021-12-01,5,R,24431,SP
2021-12-01,5,D2f,1734,SP
2021-12-01,5,D2,39593,SP
2021-12-01,5,D1,-50743,SP
2021-12-01,6,Dcum,134563,SP
2021-12-01,6,Rcum,85676,SP
2021-12-01,6,D2cum,1472765,SP
2021-12-01,6,D1cum,119029,SP
2021-12-01,6,D,18,SP
2021-12-01,6,R,32031,SP
2021-12-01,6,D2f,638,SP
2021-12-01,6,D2,-2297,SP
2021-12-01,6,D1,-22590,SP
2021-12-01,7,Dcum,17952,SP
2021-12-01,7,Rcum,80063,SP
2021-12-01,7,D2cum,1314342,SP
2021-12-01,7,D1cum,72380,SP
2021-12-01,7,D,4,SP
2021-12-01,7,R,42315,SP
2021-12-01,7,D2f,272,SP
2021-12-01,7,D2,-29505,SP
2021-12-01,7,D1,-9198,SP
2021-12-01,8,Dcum,2527,SP
2021-12-01,8,Rcum,216237,SP
2021-12-01,8,D2cum,859217,SP
2021-12-01,8,D1cum,42590,SP
2021-12-01,8,D,2,SP
2021-12-01,8,R,117280,SP
2021-12-01,8,D2f,104,SP
2021-12-01,8,D2,-114068,SP
2021-12-01,8,D1,-1752,SP
2021-12-01,9,Dcum,442,SP
2021-12-01,9,Rcum,422192,SP
2021-12-01,9,D2cum,157573,SP
2021-12-01,9,D1cum,19413,SP
2021-12-01,9,D,2,SP
2021-12-01,9,R,90960,SP
2021-12-01,9,D2f,41,SP
2021-12-01,9,D2,-90146,SP
2021-12-01,9,D1,-337,SP
2021-12-01,10,Dcum,129,SP
2021-12-01,10,Rcum,139599,SP
2021-12-01,10,D2cum,91904,SP
2021-12-01,10,D1cum,11541,SP
2021-12-01,10,D,0,SP
2021-12-01,10,R,51143,SP
2021-12-01,10,D2f,23,SP
2021-12-01,10,D2,-50840,SP
2021-12-01,10,D1,-123,SP
2021-12-01,11,Dcum,26,SP
2021-12-01,11,Rcum,31989,SP
2021-12-01,11,D2cum,13880,SP
2021-12-01,11,D1cum,3007,SP
2021-12-01,11,D,0,SP
2021-12-01,11,R,4106,SP
2021-12-01,11,D2f,3,SP
2021-12-01,11,D2,-4052,SP
2021-12-01,11,D1,-22,SP
2022-01-01,2,Dcum,6,SP
2022-01-01,2,Rcum,5,SP
2022-01-01,2,D2cum,438,SP
2022-01-01,2,D1cum,507,SP
2022-01-01,2,D,0,SP
2022-01-01,2,R,2,SP
2022-01-01,2,D2f,4,SP
2022-01-01,2,D2,129,SP
2022-01-01,2,D1,-74,SP
2022-01-01,3,Dcum,39,SP
2022-01-01,3,Rcum,294,SP
2022-01-01,3,D2cum,690138,SP
2022-01-01,3,D1cum,173659,SP
2022-01-01,3,D,4,SP
2022-01-01,3,R,137,SP
2022-01-01,3,D2f,1872,SP
2022-01-01,3,D2,184669,SP
2022-01-01,3,D1,-164654,SP
2022-01-01,4,Dcum,18204,SP
2022-01-01,4,Rcum,115812,SP
2022-01-01,4,D2cum,1628310,SP
2022-01-01,4,D1cum,384746,SP
2022-01-01,4,D,285,SP
2022-01-01,4,R,63031,SP
2022-01-01,4,D2f,1750,SP
2022-01-01,4,D2,-19004,SP
2022-01-01,4,D1,-25854,SP
2022-01-01,5,Dcum,132737,SP
2022-01-01,5,Rcum,248149,SP
2022-01-01,5,D2cum,1408084,SP
2022-01-01,5,D1cum,182063,SP
2022-01-01,5,D,254,SP
2022-01-01,5,R,166269,SP
2022-01-01,5,D2f,852,SP
2022-01-01,5,D2,-149509,SP
2022-01-01,5,D1,-7389,SP
2022-01-01,6,Dcum,134813,SP
2022-01-01,6,Rcum,263486,SP
2022-01-01,6,D2cum,1304444,SP
2022-01-01,6,D1cum,115031,SP
2022-01-01,6,D,250,SP
2022-01-01,6,R,177810,SP
2022-01-01,6,D2f,502,SP
2022-01-01,6,D2,-168321,SP
2022-01-01,6,D1,-3998,SP
2022-01-01,7,Dcum,18041,SP
2022-01-01,7,Rcum,334588,SP
2022-01-01,7,D2cum,1064491,SP
2022-01-01,7,D1cum,70610,SP
2022-01-01,7,D,89,SP
2022-01-01,7,R,254525,SP
2022-01-01,7,D2f,293,SP
2022-01-01,7,D2,-249851,SP
2022-01-01,7,D1,-1770,SP
2022-01-01,8,Dcum,2565,SP
2022-01-01,8,Rcum,645027,SP
2022-01-01,8,D2cum,432109,SP
2022-01-01,8,D1cum,42222,SP
2022-01-01,8,D,38,SP
2022-01-01,8,R,428790,SP
2022-01-01,8,D2f,163,SP
2022-01-01,8,D2,-427108,SP
2022-01-01,8,D1,-368,SP
2022-01-01,9,Dcum,449,SP
2022-01-01,9,Rcum,463617,SP
2022-01-01,9,D2cum,116539,SP
2022-01-01,9,D1cum,19412,SP
2022-01-01,9,D,7,SP
2022-01-01,9,R,41425,SP
2022-01-01,9,D2f,40,SP
2022-01-01,9,D2,-41034,SP
2022-01-01,9,D1,-1,SP
2022-01-01,10,Dcum,129,SP
2022-01-01,10,Rcum,168164,SP
2022-01-01,10,D2cum,63490,SP
2022-01-01,10,D1cum,11534,SP
2022-01-01,10,D,0,SP
2022-01-01,10,R,28565,SP
2022-01-01,10,D2f,14,SP
2022-01-01,10,D2,-28414,SP
2022-01-01,10,D1,-7,SP
2022-01-01,11,Dcum,26,SP
2022-01-01,11,Rcum,33642,SP
2022-01-01,11,D2cum,12254,SP
2022-01-01,11,D1cum,3012,SP
2022-01-01,11,D,0,SP
2022-01-01,11,R,1653,SP
2022-01-01,11,D2f,2,SP
2022-01-01,11,D2,-1626,SP
2022-01-01,11,D1,5,SP
2022-02-01,2,Dcum,8,SP
2022-02-01,2,Rcum,11,SP
2022-02-01,2,D2cum,513,SP
2022-02-01,2,D1cum,314324,SP
2022-02-01,2,D,2,SP
2022-02-01,2,R,6,SP
2022-02-01,2,D2f,18,SP
2022-02-01,2,D2,75,SP
2022-02-01,2,D1,313817,SP
2022-02-01,3,Dcum,43,SP
2022-02-01,3,Rcum,681,SP
2022-02-01,3,D2cum,750975,SP
2022-02-01,3,D1cum,141852,SP
2022-02-01,3,D,4,SP
2022-02-01,3,R,387,SP
2022-02-01,3,D2f,1455,SP
2022-02-01,3,D2,60837,SP
2022-02-01,3,D1,-31807,SP
2022-02-01,4,Dcum,19171,SP
2022-02-01,4,Rcum,392042,SP
2022-02-01,4,D2cum,1402021,SP
2022-02-01,4,D1cum,350594,SP
2022-02-01,4,D,967,SP
2022-02-01,4,R,276230,SP
2022-02-01,4,D2f,1838,SP
2022-02-01,4,D2,-226289,SP
2022-02-01,4,D1,-34152,SP
2022-02-01,5,Dcum,133438,SP
2022-02-01,5,Rcum,548510,SP
2022-02-01,5,D2cum,1129996,SP
2022-02-01,5,D1cum,167980,SP
2022-02-01,5,D,701,SP
2022-02-01,5,R,300361,SP
2022-02-01,5,D2f,946,SP
2022-02-01,5,D2,-278088,SP
2022-02-01,5,D1,-14083,SP
2022-02-01,6,Dcum,135317,SP
2022-02-01,6,Rcum,652495,SP
2022-02-01,6,D2cum,928029,SP
2022-02-01,6,D1cum,107343,SP
2022-02-01,6,D,504,SP
2022-02-01,6,R,389009,SP
2022-02-01,6,D2f,532,SP
2022-02-01,6,D2,-376415,SP
2022-02-01,6,D1,-7688,SP
2022-02-01,7,Dcum,18269,SP
2022-02-01,7,Rcum,781827,SP
2022-02-01,7,D2cum,623453,SP
2022-02-01,7,D1cum,67165,SP
2022-02-01,7,D,228,SP
2022-02-01,7,R,447239,SP
2022-02-01,7,D2f,266,SP
2022-02-01,7,D2,-441038,SP
2022-02-01,7,D1,-3445,SP
2022-02-01,8,Dcum,2636,SP
2022-02-01,8,Rcum,802283,SP
2022-02-01,8,D2cum,276505,SP
2022-02-01,8,D1cum,41635,SP
2022-02-01,8,D,71,SP
2022-02-01,8,R,157256,SP
2022-02-01,8,D2f,106,SP
2022-02-01,8,D2,-155604,SP
2022-02-01,8,D1,-587,SP
2022-02-01,9,Dcum,469,SP
2022-02-01,9,Rcum,479816,SP
2022-02-01,9,D2cum,100710,SP
2022-02-01,9,D1cum,19342,SP
2022-02-01,9,D,20,SP
2022-02-01,9,R,16199,SP
2022-02-01,9,D2f,31,SP
2022-02-01,9,D2,-15829,SP
2022-02-01,9,D1,-70,SP
2022-02-01,10,Dcum,130,SP
2022-02-01,10,Rcum,175186,SP
2022-02-01,10,D2cum,56583,SP
2022-02-01,10,D1cum,11510,SP
2022-02-01,10,D,1,SP
2022-02-01,10,R,7022,SP
2022-02-01,10,D2f,6,SP
2022-02-01,10,D2,-6907,SP
2022-02-01,10,D1,-24,SP
2022-02-01,11,Dcum,28,SP
2022-02-01,11,Rcum,34369,SP
2022-02-01,11,D2cum,11549,SP
2022-02-01,11,D1cum,3012,SP
2022-02-01,11,D,2,SP
2022-02-01,11,R,727,SP
2022-02-01,11,D2f,1,SP
2022-02-01,11,D2,-705,SP
2022-02-01,11,D1,0,SP
2022-03-01,2,Dcum,10,SP
2022-03-01,2,Rcum,25,SP
2022-03-01,2,D2cum,92288,SP
2022-03-01,2,D1cum,567776,SP
2022-03-01,2,D,2,SP
2022-03-01,2,R,14,SP
2022-03-01,2,D2f,296,SP
2022-03-01,2,D2,91775,SP
2022-03-01,2,D1,253452,SP
2022-03-01,3,Dcum,56,SP
2022-03-01,3,Rcum,5118,SP
2022-03-01,3,D2cum,780031,SP
2022-03-01,3,D1cum,130632,SP
2022-03-01,3,D,13,SP
2022-03-01,3,R,4437,SP
2022-03-01,3,D2f,686,SP
2022-03-01,3,D2,29056,SP
2022-03-01,3,D1,-11220,SP
2022-03-01,4,Dcum,20252,SP
2022-03-01,4,Rcum,636299,SP
2022-03-01,4,D2cum,1189412,SP
2022-03-01,4,D1cum,329274,SP
2022-03-01,4,D,1081,SP
2022-03-01,4,R,244257,SP
2022-03-01,4,D2f,1301,SP
2022-03-01,4,D2,-212609,SP
2022-03-01,4,D1,-21320,SP
2022-03-01,5,Dcum,134095,SP
2022-03-01,5,Rcum,832132,SP
2022-03-01,5,D2cum,860559,SP
2022-03-01,5,D1cum,159123,SP
2022-03-01,5,D,657,SP
2022-03-01,5,R,283622,SP
2022-03-01,5,D2f,580,SP
2022-03-01,5,D2,-269437,SP
2022-03-01,5,D1,-8857,SP
2022-03-01,6,Dcum,135693,SP
2022-03-01,6,Rcum,916579,SP
2022-03-01,6,D2cum,671614,SP
2022-03-01,6,D1cum,102868,SP
2022-03-01,6,D,376,SP
2022-03-01,6,R,264084,SP
2022-03-01,6,D2f,305,SP
2022-03-01,6,D2,-256415,SP
2022-03-01,6,D1,-4475,SP
2022-03-01,7,Dcum,18465,SP
2022-03-01,7,Rcum,944396,SP
2022-03-01,7,D2cum,464430,SP
2022-03-01,7,D1cum,65268,SP
2022-03-01,7,D,196,SP
2022-03-01,7,R,162569,SP
2022-03-01,7,D2f,156,SP
2022-03-01,7,D2,-159023,SP
2022-03-01,7,D1,-1897,SP
2022-03-01,8,Dcum,2723,SP
2022-03-01,8,Rcum,851882,SP
2022-03-01,8,D2cum,228046,SP
2022-03-01,8,D1cum,41175,SP
2022-03-01,8,D,87,SP
2022-03-01,8,R,49599,SP
2022-03-01,8,D2f,45,SP
2022-03-01,8,D2,-48459,SP
2022-03-01,8,D1,-460,SP
2022-03-01,9,Dcum,489,SP
2022-03-01,9,Rcum,487554,SP
2022-03-01,9,D2cum,93240,SP
2022-03-01,9,D1cum,19323,SP
2022-03-01,9,D,20,SP
2022-03-01,9,R,7738,SP
2022-03-01,9,D2f,12,SP
2022-03-01,9,D2,-7470,SP
2022-03-01,9,D1,-19,SP
2022-03-01,10,Dcum,137,SP
2022-03-01,10,Rcum,178442,SP
2022-03-01,10,D2cum,53428,SP
2022-03-01,10,D1cum,11503,SP
2022-03-01,10,D,7,SP
2022-03-01,10,R,3256,SP
2022-03-01,10,D2f,7,SP
2022-03-01,10,D2,-3155,SP
2022-03-01,10,D1,-7,SP
2022-03-01,11,Dcum,29,SP
2022-03-01,11,Rcum,34839,SP
2022-03-01,11,D2cum,11094,SP
2022-03-01,11,D1cum,3022,SP
2022-03-01,11,D,1,SP
2022-03-01,11,R,470,SP
2022-03-01,11,D2f,1,SP
2022-03-01,11,D2,-455,SP
2022-03-01,11,D1,10,SP
2022-04-01,2,Dcum,10,SP
2022-04-01,2,Rcum,53,SP
2022-04-01,2,D2cum,403354,SP
2022-04-01,2,D1cum,346842,SP
2022-04-01,2,D,0,SP
2022-04-01,2,R,28,SP
2022-04-01,2,D2f,1807,SP
2022-04-01,2,D2,311066,SP
2022-04-01,2,D1,-220934,SP
2022-04-01,3,Dcum,63,SP
2022-04-01,3,Rcum,20743,SP
2022-04-01,3,D2cum,790221,SP
2022-04-01,3,D1cum,112562,SP
2022-04-01,3,D,7,SP
2022-04-01,3,R,15625,SP
2022-04-01,3,D2f,453,SP
2022-04-01,3,D2,10190,SP
2022-04-01,3,D1,-18070,SP
2022-04-01,4,Dcum,22044,SP
2022-04-01,4,Rcum,855112,SP
2022-04-01,4,D2cum,990700,SP
2022-04-01,4,D1cum,314592,SP
2022-04-01,4,D,1792,SP
2022-04-01,4,R,218813,SP
2022-04-01,4,D2f,890,SP
2022-04-01,4,D2,-198712,SP
2022-04-01,4,D1,-14682,SP
2022-04-01,5,Dcum,135101,SP
2022-04-01,5,Rcum,993154,SP
2022-04-01,5,D2cum,708178,SP
2022-04-01,5,D1cum,153105,SP
2022-04-01,5,D,1006,SP
2022-04-01,5,R,161022,SP
2022-04-01,5,D2f,357,SP
2022-04-01,5,D2,-152381,SP
2022-04-01,5,D1,-6018,SP
2022-04-01,6,Dcum,136237,SP
2022-04-01,6,Rcum,1034660,SP
2022-04-01,6,D2cum,558140,SP
2022-04-01,6,D1cum,99751,SP
2022-04-01,6,D,544,SP
2022-04-01,6,R,118081,SP
2022-04-01,6,D2f,180,SP
2022-04-01,6,D2,-113474,SP
2022-04-01,6,D1,-3117,SP
2022-04-01,7,Dcum,18713,SP
2022-04-01,7,Rcum,1011326,SP
2022-04-01,7,D2cum,399545,SP
2022-04-01,7,D1cum,63965,SP
2022-04-01,7,D,248,SP
2022-04-01,7,R,66930,SP
2022-04-01,7,D2f,78,SP
2022-04-01,7,D2,-64885,SP
2022-04-01,7,D1,-1303,SP
2022-04-01,8,Dcum,2832,SP
2022-04-01,8,Rcum,873494,SP
2022-04-01,8,D2cum,207173,SP
2022-04-01,8,D1cum,40707,SP
2022-04-01,8,D,109,SP
2022-04-01,8,R,21612,SP
2022-04-01,8,D2f,28,SP
2022-04-01,8,D2,-20873,SP
2022-04-01,8,D1,-468,SP
2022-04-01,9,Dcum,540,SP
2022-04-01,9,Rcum,493953,SP
2022-04-01,9,D2cum,87075,SP
2022-04-01,9,D1cum,19209,SP
2022-04-01,9,D,51,SP
2022-04-01,9,R,6399,SP
2022-04-01,9,D2f,18,SP
2022-04-01,9,D2,-6165,SP
2022-04-01,9,D1,-114,SP
2022-04-01,10,Dcum,169,SP
2022-04-01,10,Rcum,188512,SP
2022-04-01,10,D2cum,43462,SP
2022-04-01,10,D1cum,11468,SP
2022-04-01,10,D,32,SP
2022-04-01,10,R,10070,SP
2022-04-01,10,D2f,7,SP
2022-04-01,10,D2,-9966,SP
2022-04-01,10,D1,-35,SP
2022-04-01,11,Dcum,40,SP
2022-04-01,11,Rcum,35768,SP
2022-04-01,11,D2cum,10195,SP
2022-04-01,11,D1cum,3012,SP
2022-04-01,11,D,11,SP
2022-04-01,11,R,929,SP
2022-04-01,11,D2f,2,SP
2022-04-01,11,D2,-899,SP
2022-04-01,11,D1,-10,SP
2022-05-01,2,Dcum,15,SP
2022-05-01,2,Rcum,81,SP
2022-05-01,2,D2cum,511240,SP
2022-05-01,2,D1cum,266964,SP
2022-05-01,2,D,5,SP
2022-05-01,2,R,28,SP
2022-05-01,2,D2f,989,SP
2022-05-01,2,D2,107886,SP
2022-05-01,2,D1,-79878,SP
2022-05-01,3,Dcum,67,SP
2022-05-01,3,Rcum,28647,SP
2022-05-01,3,D2cum,794843,SP
2022-05-01,3,D1cum,103049,SP
2022-05-01,3,D,4,SP
2022-05-01,3,R,7904,SP
2022-05-01,3,D2f,216,SP
2022-05-01,3,D2,4622,SP
2022-05-01,3,D1,-9513,SP
2022-05-01,4,Dcum,23524,SP
2022-05-01,4,Rcum,928990,SP
2022-05-01,4,D2cum,926025,SP
2022-05-01,4,D1cum,307596,SP
2022-05-01,4,D,1480,SP
2022-05-01,4,R,73878,SP
2022-05-01,4,D2f,433,SP
2022-05-01,4,D2,-64675,SP
2022-05-01,4,D1,-6996,SP
2022-05-01,5,Dcum,135920,SP
2022-05-01,5,Rcum,1044541,SP
2022-05-01,5,D2cum,660683,SP
2022-05-01,5,D1cum,150281,SP
2022-05-01,5,D,819,SP
2022-05-01,5,R,51387,SP
2022-05-01,5,D2f,172,SP
2022-05-01,5,D2,-47495,SP
2022-05-01,5,D1,-2824,SP
2022-05-01,6,Dcum,136674,SP
2022-05-01,6,Rcum,1072305,SP
2022-05-01,6,D2cum,522553,SP
2022-05-01,6,D1cum,98237,SP
2022-05-01,6,D,437,SP
2022-05-01,6,R,37645,SP
2022-05-01,6,D2f,98,SP
2022-05-01,6,D2,-35587,SP
2022-05-01,6,D1,-1514,SP
2022-05-01,7,Dcum,18956,SP
2022-05-01,7,Rcum,1035478,SP
2022-05-01,7,D2cum,376319,SP
2022-05-01,7,D1cum,63296,SP
2022-05-01,7,D,243,SP
2022-05-01,7,R,24152,SP
2022-05-01,7,D2f,35,SP
2022-05-01,7,D2,-23226,SP
2022-05-01,7,D1,-669,SP
2022-05-01,8,Dcum,3034,SP
2022-05-01,8,Rcum,900850,SP
2022-05-01,8,D2cum,180204,SP
2022-05-01,8,D1cum,40485,SP
2022-05-01,8,D,202,SP
2022-05-01,8,R,27356,SP
2022-05-01,8,D2f,29,SP
2022-05-01,8,D2,-26969,SP
2022-05-01,8,D1,-222,SP
2022-05-01,9,Dcum,672,SP
2022-05-01,9,Rcum,508330,SP
2022-05-01,9,D2cum,72851,SP
2022-05-01,9,D1cum,19169,SP
2022-05-01,9,D,132,SP
2022-05-01,9,R,14377,SP
2022-05-01,9,D2f,13,SP
2022-05-01,9,D2,-14224,SP
2022-05-01,9,D1,-40,SP
2022-05-01,10,Dcum,202,SP
2022-05-01,10,Rcum,195469,SP
2022-05-01,10,D2cum,36586,SP
2022-05-01,10,D1cum,11432,SP
2022-05-01,10,D,33,SP
2022-05-01,10,R,6957,SP
2022-05-01,10,D2f,13,SP
2022-05-01,10,D2,-6876,SP
2022-05-01,10,D1,-36,SP
2022-05-01,11,Dcum,50,SP
2022-05-01,11,Rcum,36579,SP
2022-05-01,11,D2cum,9397,SP
2022-05-01,11,D1cum,3007,SP
2022-05-01,11,D,10,SP
2022-05-01,11,R,811,SP
2022-05-01,11,D2f,1,SP
2022-05-01,11,D2,-798,SP
2022-05-01,11,D1,-5,SP
2022-06-01,2,Dcum,17,SP
2022-06-01,2,Rcum,150,SP
2022-06-01,2,D2cum,571576,SP
2022-06-01,2,D1cum,226351,SP
2022-06-01,2,D,2,SP
2022-06-01,2,R,69,SP
2022-06-01,2,D2f,779,SP
2022-06-01,2,D2,60336,SP
2022-06-01,2,D1,-40613,SP
2022-06-01,3,Dcum,74,SP
2022-06-01,3,Rcum,48581,SP
2022-06-01,3,D2cum,783330,SP
2022-06-01,3,D1cum,96789,SP
2022-06-01,3,D,7,SP
2022-06-01,3,R,19934,SP
2022-06-01,3,D2f,169,SP
2022-06-01,3,D2,-11513,SP
2022-06-01,3,D1,-6260,SP
2022-06-01,4,Dcum,24443,SP
2022-06-01,4,Rcum,979401,SP
2022-06-01,4,D2cum,882690,SP
2022-06-01,4,D1cum,302634,SP
2022-06-01,4,D,919,SP
2022-06-01,4,R,50411,SP
2022-06-01,4,D2f,367,SP
2022-06-01,4,D2,-43335,SP
2022-06-01,4,D1,-4962,SP
2022-06-01,5,Dcum,136452,SP
2022-06-01,5,Rcum,1079230,SP
2022-06-01,5,D2cum,629169,SP
2022-06-01,5,D1cum,148232,SP
2022-06-01,5,D,532,SP
2022-06-01,5,R,34689,SP
2022-06-01,5,D2f,183,SP
2022-06-01,5,D2,-31514,SP
2022-06-01,5,D1,-2049,SP
2022-06-01,6,Dcum,136974,SP
2022-06-01,6,Rcum,1098761,SP
2022-06-01,6,D2cum,497715,SP
2022-06-01,6,D1cum,97179,SP
2022-06-01,6,D,300,SP
2022-06-01,6,R,26456,SP
2022-06-01,6,D2f,66,SP
2022-06-01,6,D2,-24838,SP
2022-06-01,6,D1,-1058,SP
2022-06-01,7,Dcum,19116,SP
2022-06-01,7,Rcum,1053383,SP
2022-06-01,7,D2cum,359171,SP
2022-06-01,7,D1cum,62874,SP
2022-06-01,7,D,160,SP
2022-06-01,7,R,17905,SP
2022-06-01,7,D2f,43,SP
2022-06-01,7,D2,-17148,SP
2022-06-01,7,D1,-422,SP
2022-06-01,8,Dcum,3165,SP
2022-06-01,8,Rcum,916174,SP
2022-06-01,8,D2cum,165159,SP
2022-06-01,8,D1cum,40391,SP
2022-06-01,8,D,131,SP
2022-06-01,8,R,15324,SP
2022-06-01,8,D2f,19,SP
2022-06-01,8,D2,-15045,SP
2022-06-01,8,D1,-94,SP
2022-06-01,9,Dcum,718,SP
2022-06-01,9,Rcum,514249,SP
2022-06-01,9,D2cum,67022,SP
2022-06-01,9,D1cum,19158,SP
2022-06-01,9,D,46,SP
2022-06-01,9,R,5919,SP
2022-06-01,9,D2f,8,SP
2022-06-01,9,D2,-5829,SP
2022-06-01,9,D1,-11,SP
2022-06-01,10,Dcum,217,SP
2022-06-01,10,Rcum,197944,SP
2022-06-01,10,D2cum,34162,SP
2022-06-01,10,D1cum,11412,SP
2022-06-01,10,D,15,SP
2022-06-01,10,R,2475,SP
2022-06-01,10,D2f,5,SP
2022-06-01,10,D2,-2424,SP
2022-06-01,10,D1,-20,SP
2022-06-01,11,Dcum,54,SP
2022-06-01,11,Rcum,36960,SP
2022-06-01,11,D2cum,9027,SP
2022-06-01,11,D1cum,3001,SP
2022-06-01,11,D,4,SP
2022-06-01,11,R,381,SP
2022-06-01,11,D2f,0,SP
2022-06-01,11,D2,-370,SP
2022-06-01,11,D1,-6,SP
2022-07-01,2,Dcum,18,SP
2022-07-01,2,Rcum,2367,SP
2022-07-01,2,D2cum,610372,SP
2022-07-01,2,D1cum,204782,SP
2022-07-01,2,D,1,SP
2022-07-01,2,R,2217,SP
2022-07-01,2,D2f,589,SP
2022-07-01,2,D2,38796,SP
2022-07-01,2,D1,-21569,SP
2022-07-01,3,Dcum,79,SP
2022-07-01,3,Rcum,211610,SP
2022-07-01,3,D2cum,628465,SP
2022-07-01,3,D1cum,91373,SP
2022-07-01,3,D,5,SP
2022-07-01,3,R,163029,SP
2022-07-01,3,D2f,195,SP
2022-07-01,3,D2,-154865,SP
2022-07-01,3,D1,-5416,SP
2022-07-01,4,Dcum,25196,SP
2022-07-01,4,Rcum,1037696,SP
2022-07-01,4,D2cum,830428,SP
2022-07-01,4,D1cum,298705,SP
2022-07-01,4,D,753,SP
2022-07-01,4,R,58295,SP
2022-07-01,4,D2f,337,SP
2022-07-01,4,D2,-52262,SP
2022-07-01,4,D1,-3929,SP
2022-07-01,5,Dcum,136925,SP
2022-07-01,5,Rcum,1120940,SP
2022-07-01,5,D2cum,590343,SP
2022-07-01,5,D1cum,146379,SP
2022-07-01,5,D,473,SP
2022-07-01,5,R,41710,SP
2022-07-01,5,D2f,153,SP
2022-07-01,5,D2,-38826,SP
2022-07-01,5,D1,-1853,SP
2022-07-01,6,Dcum,137273,SP
2022-07-01,6,Rcum,1142163,SP
2022-07-01,6,D2cum,455882,SP
2022-07-01,6,D1cum,96246,SP
2022-07-01,6,D,299,SP
2022-07-01,6,R,43402,SP
2022-07-01,6,D2f,84,SP
2022-07-01,6,D2,-41833,SP
2022-07-01,6,D1,-933,SP
2022-07-01,7,Dcum,19333,SP
2022-07-01,7,Rcum,1096678,SP
2022-07-01,7,D2cum,316693,SP
2022-07-01,7,D1cum,62481,SP
2022-07-01,7,D,217,SP
2022-07-01,7,R,43295,SP
2022-07-01,7,D2f,59,SP
2022-07-01,7,D2,-42478,SP
2022-07-01,7,D1,-393,SP
2022-07-01,8,Dcum,3266,SP
2022-07-01,8,Rcum,931978,SP
2022-07-01,8,D2cum,149674,SP
2022-07-01,8,D1cum,40279,SP
2022-07-01,8,D,101,SP
2022-07-01,8,R,15804,SP
2022-07-01,8,D2f,34,SP
2022-07-01,8,D2,-15485,SP
2022-07-01,8,D1,-112,SP
2022-07-01,9,Dcum,748,SP
2022-07-01,9,Rcum,519204,SP
2022-07-01,9,D2cum,62148,SP
2022-07-01,9,D1cum,19160,SP
2022-07-01,9,D,30,SP
2022-07-01,9,R,4955,SP
2022-07-01,9,D2f,12,SP
2022-07-01,9,D2,-4874,SP
2022-07-01,9,D1,2,SP
2022-07-01,10,Dcum,224,SP
2022-07-01,10,Rcum,199721,SP
2022-07-01,10,D2cum,32418,SP
2022-07-01,10,D1cum,11407,SP
2022-07-01,10,D,7,SP
2022-07-01,10,R,1777,SP
2022-07-01,10,D2f,6,SP
2022-07-01,10,D2,-1744,SP
2022-07-01,10,D1,-5,SP
2022-07-01,11,Dcum,57,SP
2022-07-01,11,Rcum,37198,SP
2022-07-01,11,D2cum,8797,SP
2022-07-01,11,D1cum,2997,SP
2022-07-01,11,D,3,SP
2022-07-01,11,R,238,SP
2022-07-01,11,D2f,0,SP
2022-07-01,11,D2,-230,SP
2022-07-01,11,D1,-4,SP
